Day,# of Users,TVT Price,Economy,# of TVT,Investor 1 TVT Ownership,Adjusted % of TVT,Investor 1 TVT Selloff,Investor 1 Return,Investor 1 % Return
1,"10,000",$0.0071,"$270,000,000.00","38,000,000,000",0.00,0.00%,$0.00,$0.0000,-100.00%
2,"10,032",$0.0069,"$262,748,903.45","38,000,000,000",0.00,0.00%,$0.00,$0.0000,-100.00%
3,"10,036",$0.0071,"$268,249,300.10","38,000,000,000",0.00,0.00%,$0.00,$0.0000,-100.00%
4,"10,115",$0.0069,"$262,190,530.52","38,000,000,000",0.00,0.00%,$0.00,$0.0000,-100.00%
5,"10,122",$0.0070,"$265,096,151.46","38,000,000,000",0.00,0.00%,$0.00,$0.0000,-100.00%
6,"10,127",$0.0072,"$273,417,911.04","38,000,000,000",0.00,0.00%,$0.00,$0.0000,-100.00%
7,"12,686",$0.0087,"$332,256,554.49","38,000,000,000",0.00,0.00%,$0.00,$0.0000,-100.00%
8,"12,705",$0.0086,"$325,888,907.77","38,000,000,000",0.00,0.00%,$0.00,$0.0000,-100.00%
9,"14,739",$0.0099,"$378,053,278.31","38,000,000,000",0.00,0.00%,$0.00,$0.0000,-100.00%
10,"14,755",$0.0100,"$378,468,841.75","38,000,000,000",0.00,0.00%,$0.00,$0.0000,-100.00%
11,"14,767",$0.0101,"$382,766,889.12","38,000,000,000",0.00,0.00%,$0.00,$0.0000,-100.00%
12,"14,773",$0.0105,"$398,873,172.35","38,000,000,000",0.00,0.00%,$0.00,$0.0000,-100.00%
13,"14,779",$0.0098,"$371,109,305.45","38,000,000,000",0.00,0.00%,$0.00,$0.0000,-100.00%
14,"15,113",$0.0102,"$387,647,320.65","38,000,000,000",0.00,0.00%,$0.00,$0.0000,-100.00%
15,"15,376",$0.0104,"$394,387,122.01","38,000,000,000",0.00,0.00%,$0.00,$0.0000,-100.00%
16,"15,416",$0.0105,"$399,585,920.66","38,000,000,000",0.00,0.00%,$0.00,$0.0000,-100.00%
17,"15,426",$0.0105,"$399,846,946.03","38,000,000,000",0.00,0.00%,$0.00,$0.0000,-100.00%
18,"15,433",$0.0103,"$391,684,460.43","38,000,000,000",0.00,0.00%,$0.00,$0.0000,-100.00%
19,"15,493",$0.0108,"$409,936,228.84","38,000,000,000",0.00,0.00%,$0.00,$0.0000,-100.00%
20,"15,543",$0.0103,"$390,276,951.41","38,000,000,000",0.00,0.00%,$0.00,$0.0000,-100.00%
21,"15,544",$0.0109,"$415,479,373.10","38,000,000,000",0.00,0.00%,$0.00,$0.0000,-100.00%
22,"15,556",$0.0105,"$399,013,570.80","38,000,000,000",0.00,0.00%,$0.00,$0.0000,-100.00%
23,"15,571",$0.0107,"$407,796,801.02","38,000,000,000",0.00,0.00%,$0.00,$0.0000,-100.00%
24,"16,703",$0.0114,"$432,942,665.69","38,000,000,000",0.00,0.00%,$0.00,$0.0000,-100.00%
25,"20,148",$0.0135,"$511,346,988.14","38,000,000,000",0.00,0.00%,$0.00,$0.0000,-100.00%
26,"21,544",$0.0152,"$575,874,473.91","38,000,000,000",0.00,0.00%,$0.00,$0.0000,-100.00%
27,"21,552",$0.0145,"$552,804,974.39","38,000,000,000",0.00,0.00%,$0.00,$0.0000,-100.00%
28,"21,557",$0.0153,"$582,049,069.75","38,000,000,000",0.00,0.00%,$0.00,$0.0000,-100.00%
29,"25,573",$0.0176,"$669,748,781.55","38,000,000,000",0.00,0.00%,$0.00,$0.0000,-100.00%
30,"25,591",$0.0070,"$642,592,174.51","92,000,000,000","1,620,000,000.00",1.76%,$0.00,"$11,315,210.0294",129411436726.91%
31,"25,593",$0.0074,"$684,089,985.71","92,000,000,000","1,603,800,000.00",1.74%,"$107,494.50","$12,032,967.5289",137620389901.67%
32,"25,611",$0.0074,"$677,658,242.02","92,000,000,000","1,587,762,000.00",1.73%,"$113,291.99","$11,916,003.9420",136282683769.91%
33,"25,740",$0.0075,"$688,023,367.02","92,000,000,000","1,571,884,380.00",1.71%,"$111,104.57","$12,087,251.7473",138241235532.23%
34,"25,743",$0.0070,"$646,404,040.70","92,000,000,000","1,556,165,536.20",1.69%,"$111,675.93","$11,377,389.7053",130122582271.35%
35,"25,752",$0.0073,"$674,435,533.63","92,000,000,000","1,540,603,880.84",1.67%,"$103,871.32","$11,841,329.6069",135428637493.54%
36,"25,769",$0.0073,"$667,944,022.98","92,000,000,000","1,525,197,842.03",1.66%,"$107,291.97","$11,728,064.8566",134133234752.77%
37,"26,128",$0.0073,"$670,195,623.10","92,000,000,000","1,509,945,863.61",1.64%,"$105,196.68","$11,759,482.4750",134492556332.37%
38,"26,132",$0.0074,"$677,348,860.64","92,000,000,000","1,494,846,404.97",1.62%,"$104,495.78","$11,870,210.8649",135758950857.77%
39,"26,157",$0.0074,"$685,049,304.93","92,000,000,000","1,479,897,940.92",1.61%,"$104,554.99","$11,988,576.1409",137112688030.52%
40,"26,164",$0.0072,"$664,037,024.75","92,000,000,000","1,465,098,961.51",1.59%,"$104,686.19","$11,648,446.0171",133222638450.15%
41,"26,179",$0.0073,"$671,500,839.29","92,000,000,000","1,450,447,971.90",1.58%,"$100,460.43","$11,760,831.1766",134507981358.37%
42,"33,524",$0.0091,"$841,779,582.30","92,000,000,000","1,435,943,492.18",1.56%,"$100,573.72","$14,413,262.3110",164843690841.29%
43,"33,659",$0.0092,"$845,179,183.89","92,000,000,000","1,421,584,057.26",1.55%,"$124,816.36","$14,459,223.6748",165369348439.37%
44,"33,982",$0.0097,"$889,977,846.03","92,000,000,000","1,407,368,216.69",1.53%,"$124,067.24","$15,138,000.4859",173132481618.41%
45,"40,185",$0.0116,"$1,063,295,529.32","92,000,000,000","1,393,294,534.52",1.51%,"$129,336.98","$17,756,003.9380",203074443585.73%
46,"40,197",$0.0112,"$1,031,056,954.45","92,000,000,000","1,379,361,589.17",1.50%,"$152,979.31","$17,264,597.4838",197454254907.21%
47,"40,338",$0.0115,"$1,056,452,133.77","92,000,000,000","1,365,567,973.28",1.48%,"$146,857.65","$17,633,812.0857",201676942070.03%
48,"40,567",$0.0115,"$1,062,442,084.78","92,000,000,000","1,351,912,293.55",1.47%,"$148,970.04","$17,713,992.0836",202593956310.52%
49,"40,753",$0.0118,"$1,089,340,295.54","92,000,000,000","1,338,393,170.61",1.45%,"$148,316.53","$18,097,494.4458",206980051804.48%
50,"40,755",$0.0120,"$1,100,396,246.13","92,000,000,000","1,325,009,238.91",1.44%,"$150,550.80","$18,248,801.5531",208710542895.45%
51,"40,756",$0.0114,"$1,045,390,691.53","92,000,000,000","1,311,759,146.52",1.43%,"$150,557.98","$17,456,594.4123",199650113253.98%
52,"40,773",$0.0118,"$1,089,850,127.85","92,000,000,000","1,298,641,555.05",1.41%,"$141,601.71","$18,076,716.3810",206742414216.45%
53,"43,182",$0.0118,"$1,084,296,225.96","92,000,000,000","1,285,655,139.50",1.40%,"$146,147.66","$17,991,411.3284",205766785006.23%
54,"43,461",$0.0128,"$1,173,449,456.26","92,000,000,000","1,272,798,588.11",1.38%,"$143,948.85","$19,217,249.2648",219786626285.72%
55,"47,924",$0.0138,"$1,268,079,580.39","92,000,000,000","1,260,070,602.23",1.37%,"$154,226.80","$20,505,225.9505",234517145036.08%
56,"47,930",$0.0134,"$1,229,393,230.86","92,000,000,000","1,247,469,896.20",1.36%,"$164,997.43","$19,971,976.0448",228418395096.16%
57,"47,935",$0.0139,"$1,281,309,507.33","92,000,000,000","1,234,995,197.24",1.34%,"$158,364.08","$20,660,557.9641",236293668760.16%
58,"48,137",$0.0133,"$1,221,726,530.78","92,000,000,000","1,222,645,245.27",1.33%,"$163,401.14","$19,860,122.6540",227139133997.65%
59,"48,734",$0.0139,"$1,276,338,221.73","92,000,000,000","1,210,418,792.82",1.32%,"$154,244.70","$20,570,515.5667",235263858797.10%
60,"48,966",$0.0070,"$1,242,764,574.38","178,000,000,000","3,790,418,792.82",2.13%,$0.00,"$30,242,118.1077",345877446878.29%
61,"49,002",$0.0074,"$1,309,823,008.65","178,000,000,000","3,752,514,604.89",2.11%,"$251,408.33","$31,642,581.3373",361894468064.79%
62,"49,007",$0.0072,"$1,283,493,390.61","178,000,000,000","3,714,989,458.84",2.09%,"$262,324.35","$31,079,256.5146",355451752947.52%
63,"49,020",$0.0070,"$1,244,124,640.28","178,000,000,000","3,677,839,564.25",2.07%,"$254,480.69","$30,252,424.8867",345995324944.46%
64,"49,120",$0.0075,"$1,326,232,123.42","178,000,000,000","3,641,061,168.61",2.05%,"$244,208.22","$31,919,113.2186",365057148032.47%
65,"49,137",$0.0071,"$1,260,351,301.96","178,000,000,000","3,604,650,556.92",2.03%,"$257,721.78","$30,571,406.5563",349643500814.33%
66,"49,140",$0.0071,"$1,260,435,876.66","178,000,000,000","3,568,604,051.35",2.00%,"$242,470.21","$30,560,340.5484",349516939488.32%
67,"49,281",$0.0073,"$1,290,670,249.95","178,000,000,000","3,532,918,010.84",1.98%,"$240,061.62","$31,147,793.1533",356235602727.12%
68,"49,288",$0.0070,"$1,250,917,431.75","178,000,000,000","3,497,588,830.73",1.96%,"$243,361.83","$30,353,866.5858",347155508096.39%
69,"49,359",$0.0070,"$1,252,733,024.88","178,000,000,000","3,462,612,942.42",1.95%,"$233,507.59","$30,376,895.2310",347418885449.10%
70,"49,361",$0.0071,"$1,266,102,034.82","178,000,000,000","3,427,986,813.00",1.93%,"$231,508.04","$30,622,175.7084",350224144823.92%
71,"49,500",$0.0074,"$1,309,770,304.24","178,000,000,000","3,393,706,944.87",1.91%,"$231,638.88","$31,442,553.3413",359606758840.00%
72,"49,513",$0.0071,"$1,256,651,136.66","178,000,000,000","3,359,769,875.42",1.89%,"$237,231.90","$30,427,437.2327",347996931552.17%
73,"49,545",$0.0072,"$1,284,207,669.79","178,000,000,000","3,326,172,176.67",1.87%,"$225,334.59","$30,930,508.8309",353750533843.87%
74,"49,559",$0.0073,"$1,297,937,383.02","178,000,000,000","3,292,910,454.90",1.85%,"$227,973.09","$31,172,503.0349",356518208289.36%
75,"53,269",$0.0077,"$1,366,358,623.49","178,000,000,000","3,259,981,350.35",1.83%,"$228,106.29","$32,413,598.3840",370712547761.78%
76,"53,998",$0.0082,"$1,457,939,498.91","178,000,000,000","3,227,381,536.85",1.81%,"$237,729.69","$34,061,571.8369",389560329803.83%
77,"54,377",$0.0078,"$1,380,091,411.26","178,000,000,000","3,195,107,721.48",1.80%,"$251,127.00","$32,650,978.0760",373427446286.54%
78,"54,382",$0.0078,"$1,380,222,743.03","178,000,000,000","3,163,156,644.26",1.78%,"$235,340.66","$32,640,925.5624",373312476239.51%
79,"54,510",$0.0082,"$1,457,040,855.98","178,000,000,000","3,131,525,077.82",1.76%,"$233,009.42","$33,980,110.4881",388628660823.61%
80,"54,523",$0.0078,"$1,383,781,485.07","178,000,000,000","3,100,209,827.04",1.74%,"$243,518.09","$32,691,341.9397",373889085583.02%
81,"54,541",$0.0081,"$1,443,163,622.86","178,000,000,000","3,069,207,728.77",1.72%,"$228,961.37","$33,703,202.1070",385461674848.23%
82,"54,543",$0.0078,"$1,384,289,250.41","178,000,000,000","3,038,515,651.49",1.71%,"$236,398.90","$32,685,756.1148",373825200809.63%
83,"54,767",$0.0082,"$1,463,930,641.03","178,000,000,000","3,008,130,494.97",1.69%,"$224,487.38","$34,019,849.3928",389083152497.56%
84,"54,836",$0.0082,"$1,465,764,865.22","178,000,000,000","2,978,049,190.02",1.67%,"$235,028.63","$34,038,167.1606",389292651803.39%
85,"54,842",$0.0078,"$1,391,894,198.95","178,000,000,000","2,948,268,698.12",1.66%,"$232,969.88","$32,802,363.0426",375158827850.81%
86,"54,848",$0.0080,"$1,421,652,498.06","178,000,000,000","2,918,786,011.14",1.64%,"$219,016.53","$33,278,802.7510",380607842678.86%
87,"56,442",$0.0086,"$1,523,947,085.07","178,000,000,000","2,889,598,151.03",1.62%,"$221,462.05","$34,927,766.2329",399466947627.58%
88,"56,705",$0.0082,"$1,454,491,757.08","178,000,000,000","2,860,702,169.52",1.61%,"$235,023.31","$33,799,154.9700",386559082481.96%
89,"56,720",$0.0086,"$1,531,430,365.83","178,000,000,000","2,832,095,147.82",1.59%,"$222,068.78","$35,011,610.1759",400425866207.87%
90,"57,486",$0.0070,"$1,536,588,155.81","220,000,000,000","4,092,095,147.82",1.86%,$0.00,"$39,226,766.6337",448634379548.42%
91,"61,947",$0.0072,"$1,588,952,842.68","220,000,000,000","4,051,174,196.34",1.84%,"$271,521.44","$40,176,741.7964",459499193407.22%
92,"62,111",$0.0075,"$1,643,444,857.57","220,000,000,000","4,010,662,454.38",1.82%,"$277,966.75","$41,155,516.8682",470693390248.72%
93,"62,123",$0.0074,"$1,626,994,834.33","220,000,000,000","3,970,555,829.84",1.80%,"$284,624.43","$40,843,646.9275",467126550833.64%
94,"62,127",$0.0071,"$1,560,012,700.89","220,000,000,000","3,930,850,271.54",1.79%,"$278,957.73","$39,632,161.5895",453270859434.35%
95,"62,150",$0.0076,"$1,661,269,303.67","220,000,000,000","3,891,541,768.82",1.77%,"$264,798.52","$41,409,335.2756",473596297460.83%
96,"62,151",$0.0074,"$1,627,721,910.56","220,000,000,000","3,852,626,351.14",1.75%,"$279,166.09","$40,807,162.4567",466709279941.61%
97,"62,170",$0.0076,"$1,661,799,122.46","220,000,000,000","3,814,100,087.62",1.73%,"$270,793.37","$41,383,700.6146",473303115247.89%
98,"62,185",$0.0075,"$1,645,412,223.79","220,000,000,000","3,775,959,086.75",1.72%,"$273,697.94","$41,088,039.7371",469921657999.80%
99,"62,199",$0.0075,"$1,645,795,596.52","220,000,000,000","3,738,199,495.88",1.70%,"$268,289.04","$41,080,433.4605",469834665431.38%
100,"62,431",$0.0076,"$1,668,770,895.00","220,000,000,000","3,700,817,500.92",1.68%,"$265,668.03","$41,452,939.0539",474094991483.27%
101,"62,431",$0.0074,"$1,635,062,272.22","220,000,000,000","3,663,809,325.91",1.67%,"$266,682.99","$40,877,530.5323",467514075764.15%
102,"63,793",$0.0073,"$1,601,835,269.87","220,000,000,000","3,627,171,232.65",1.65%,"$258,683.12","$40,316,097.3265",461092994966.14%
103,"63,800",$0.0078,"$1,722,591,892.43","220,000,000,000","3,590,899,520.33",1.63%,"$250,892.01","$42,273,914.7474",483484445485.21%
104,"63,844",$0.0078,"$1,706,552,436.93","220,000,000,000","3,554,990,525.12",1.62%,"$267,107.80","$42,000,674.1133",480359407331.90%
105,"63,954",$0.0075,"$1,657,698,752.30","220,000,000,000","3,519,440,619.87",1.60%,"$261,974.49","$41,205,351.2452",471263343287.17%
106,"63,956",$0.0076,"$1,675,008,474.02","220,000,000,000","3,484,246,213.67",1.58%,"$251,930.17","$41,466,234.1823",474247047138.12%
107,"63,976",$0.0073,"$1,606,428,054.98","220,000,000,000","3,449,403,751.54",1.57%,"$252,015.22","$40,377,690.4293",461797431906.43%
108,"64,838",$0.0076,"$1,663,093,682.01","220,000,000,000","3,414,909,714.02",1.55%,"$239,279.91","$41,244,678.5690",471713127733.20%
109,"65,946",$0.0078,"$1,709,315,985.51","220,000,000,000","3,380,760,616.88",1.54%,"$245,243.14","$41,942,073.5048",479689195384.73%
110,"66,405",$0.0081,"$1,792,942,488.17","220,000,000,000","3,346,953,010.71",1.52%,"$249,538.58","$43,201,185.2357",494089587228.48%
111,"66,412",$0.0077,"$1,685,535,702.12","220,000,000,000","3,313,483,480.61",1.51%,"$259,129.52","$41,569,862.2428",475432235584.73%
112,"66,516",$0.0078,"$1,706,142,444.85","220,000,000,000","3,280,348,645.80",1.49%,"$241,170.23","$41,864,429.5304",478801185505.33%
113,"66,523",$0.0076,"$1,670,395,670.67","220,000,000,000","3,247,545,159.34",1.48%,"$241,677.50","$41,324,031.1918",472620679330.87%
114,"66,523",$0.0078,"$1,706,322,944.35","220,000,000,000","3,215,069,707.75",1.46%,"$234,247.78","$41,836,741.8583",478484523117.17%
115,"66,654",$0.0082,"$1,799,660,690.86","220,000,000,000","3,182,919,010.67",1.45%,"$236,893.17","$43,174,666.9226",493786298735.04%
116,"66,824",$0.0077,"$1,695,982,676.63","220,000,000,000","3,151,089,820.56",1.43%,"$247,352.98","$41,676,654.0937",476653608128.92%
117,"66,858",$0.0082,"$1,805,158,106.26","220,000,000,000","3,119,578,922.36",1.42%,"$230,772.00","$43,212,605.3312",494220198234.21%
118,"67,088",$0.0079,"$1,738,932,447.03","220,000,000,000","3,088,383,133.13",1.40%,"$243,171.21","$42,270,124.0787",483441091815.24%
119,"67,104",$0.0081,"$1,775,579,528.62","220,000,000,000","3,057,499,301.80",1.39%,"$231,907.51","$42,767,229.4494",489126458688.86%
120,"67,156",$0.0070,"$1,722,555,356.90","246,000,000,000","3,837,499,301.80",1.56%,$0.00,"$44,961,873.4975",514226482361.13%
121,"67,161",$0.0072,"$1,777,068,843.24","246,000,000,000","3,799,124,308.79",1.54%,"$255,276.01","$45,790,322.1098",523701403725.40%
122,"67,515",$0.0070,"$1,713,519,069.48","246,000,000,000","3,761,133,065.70",1.53%,"$260,721.15","$44,804,977.3613",512432069852.26%
123,"67,516",$0.0070,"$1,731,776,308.59","246,000,000,000","3,723,521,735.04",1.51%,"$248,883.52","$45,068,224.6786",515442814988.89%
124,"67,581",$0.0073,"$1,788,200,856.44","246,000,000,000","3,686,286,517.69",1.50%,"$249,019.98","$45,900,634.8275",524963044230.80%
125,"67,655",$0.0074,"$1,826,682,955.49","246,000,000,000","3,649,423,652.51",1.48%,"$254,562.18","$46,458,120.8931",531338981802.82%
126,"68,641",$0.0072,"$1,760,650,719.63","246,000,000,000","3,612,929,415.99",1.47%,"$257,439.96","$45,474,775.4567",520092513951.38%
127,"68,883",$0.0076,"$1,859,849,872.66","246,000,000,000","3,576,800,121.83",1.45%,"$245,652.50","$46,904,185.9822",536440603774.16%
128,"68,900",$0.0070,"$1,730,091,521.03","246,000,000,000","3,541,032,120.61",1.44%,"$256,898.20","$45,022,866.2803",514924053474.50%
129,"68,959",$0.0070,"$1,731,548,516.03","246,000,000,000","3,505,621,799.40",1.43%,"$236,585.13","$45,031,177.3316",515019106512.22%
130,"68,978",$0.0075,"$1,843,769,981.74","246,000,000,000","3,470,565,581.41",1.41%,"$234,416.52","$46,602,058.9546",532985193521.75%
131,"70,990",$0.0072,"$1,782,546,548.28","246,000,000,000","3,435,859,925.60",1.40%,"$247,112.94","$45,733,950.8089",523056688247.63%
132,"71,107",$0.0077,"$1,900,702,674.30","246,000,000,000","3,401,501,326.34",1.38%,"$236,518.34","$47,355,275.7245",541599692429.41%
133,"72,556",$0.0077,"$1,900,230,338.71","246,000,000,000","3,367,486,313.08",1.37%,"$249,674.01","$47,335,669.2002",541375453685.62%
134,"79,071",$0.0086,"$2,113,578,999.17","246,000,000,000","3,333,811,449.95",1.36%,"$247,115.84","$50,213,981.0183",574294548164.75%
135,"79,077",$0.0087,"$2,135,087,052.87","246,000,000,000","3,300,473,335.45",1.34%,"$272,112.20","$50,488,223.3793",577431043014.50%
136,"84,741",$0.0090,"$2,219,373,462.06","246,000,000,000","3,267,468,602.09",1.33%,"$272,132.44","$51,593,425.8048",590071182568.98%
137,"84,741",$0.0093,"$2,288,013,908.62","246,000,000,000","3,234,793,916.07",1.31%,"$280,046.60","$52,481,278.7820",600225508398.74%
138,"84,742",$0.0089,"$2,196,512,609.63","246,000,000,000","3,202,445,976.91",1.30%,"$285,820.76","$51,275,064.9869",586430107347.48%
139,"84,926",$0.0088,"$2,155,418,646.27","246,000,000,000","3,170,421,517.14",1.29%,"$271,646.44","$50,731,153.2303",580209418402.77%
140,"84,926",$0.0089,"$2,178,350,071.19","246,000,000,000","3,138,717,301.97",1.28%,"$263,898.63","$51,009,846.1868",583396814469.28%
141,"84,940",$0.0089,"$2,178,701,758.16","246,000,000,000","3,107,330,128.95",1.26%,"$264,039.18","$51,000,391.6949",583288683963.81%
142,"84,940",$0.0092,"$2,270,453,781.63","246,000,000,000","3,076,256,827.66",1.25%,"$261,440.99","$52,134,000.7024",596253708039.53%
143,"85,878",$0.0089,"$2,179,576,235.74","246,000,000,000","3,045,494,259.38",1.24%,"$269,726.59","$50,994,735.2805",583223991861.91%
144,"93,737",$0.0098,"$2,404,346,591.96","246,000,000,000","3,015,039,316.79",1.23%,"$256,341.16","$53,736,086.9788",614576680960.10%
145,"93,756",$0.0103,"$2,531,401,752.37","246,000,000,000","2,984,888,923.62",1.21%,"$279,948.76","$55,263,001.3741",632039917196.34%
146,"98,052",$0.0102,"$2,515,029,413.37","246,000,000,000","2,955,040,034.39",1.20%,"$291,794.93","$55,050,973.3508",629614964316.77%
147,"98,075",$0.0103,"$2,542,092,135.21","246,000,000,000","2,925,489,634.04",1.19%,"$287,008.62","$55,357,703.8627",633123024366.15%
148,"98,077",$0.0101,"$2,489,183,164.93","246,000,000,000","2,896,234,737.70",1.18%,"$287,195.97","$54,719,674.4734",625825917217.32%
149,"98,079",$0.0107,"$2,621,647,456.96","246,000,000,000","2,867,272,390.32",1.17%,"$278,406.33","$56,248,969.5055",643316380665.37%
150,"98,160",$0.0070,"$2,544,300,584.52","365,000,000,000","6,437,272,390.32",1.76%,$0.00,"$70,564,358.8862",807040704268.05%
151,"98,161",$0.0068,"$2,464,828,085.75","365,000,000,000","6,372,899,666.42",1.75%,"$426,285.98","$69,154,333.0262",790914315803.34%
152,"98,174",$0.0073,"$2,650,684,678.14","365,000,000,000","6,309,170,669.76",1.73%,"$408,841.01","$72,345,420.4522",827410607764.29%
153,"98,247",$0.0070,"$2,546,566,701.19","365,000,000,000","6,246,078,963.06",1.71%,"$435,272.35","$70,540,787.8042",806771123095.43%
154,"98,322",$0.0072,"$2,628,148,258.59","365,000,000,000","6,183,618,173.43",1.69%,"$413,993.26","$71,901,106.0852",822329008705.98%
155,"98,694",$0.0069,"$2,504,851,287.35","365,000,000,000","6,121,781,991.69",1.68%,"$422,983.34","$69,810,906.3295",798423508681.03%
156,"98,776",$0.0069,"$2,506,939,561.13","365,000,000,000","6,060,564,171.78",1.66%,"$399,108.10","$69,824,574.9338",798579835758.27%
157,"103,175",$0.0076,"$2,785,714,643.50","365,000,000,000","5,999,958,530.06",1.64%,"$395,446.43","$74,386,334.3842",850752428524.97%
158,"103,192",$0.0076,"$2,786,186,619.69","365,000,000,000","5,939,958,944.76",1.63%,"$435,026.40","$74,371,119.1320",850578412520.41%
159,"103,199",$0.0073,"$2,647,064,030.04","365,000,000,000","5,880,559,355.31",1.61%,"$430,749.11","$72,107,027.1782",824684116957.62%
160,"103,261",$0.0072,"$2,620,773,538.55","365,000,000,000","5,821,753,761.76",1.60%,"$405,148.12","$71,666,369.9829",819644344771.47%
161,"103,278",$0.0076,"$2,788,504,961.40","365,000,000,000","5,763,536,224.14",1.58%,"$397,112.97","$74,294,034.0442",849696794597.03%
162,"103,286",$0.0072,"$2,621,397,696.98","365,000,000,000","5,705,900,861.90",1.56%,"$418,303.20","$71,659,696.2120",819568017219.85%
163,"103,286",$0.0076,"$2,760,835,184.42","365,000,000,000","5,648,841,853.28",1.55%,"$389,303.11","$73,797,180.0402",844014302589.06%
164,"103,524",$0.0074,"$2,711,305,497.16","365,000,000,000","5,592,353,434.75",1.53%,"$405,910.83","$73,016,946.4037",835090813260.22%
165,"108,122",$0.0078,"$2,860,908,645.04","365,000,000,000","5,536,429,900.40",1.52%,"$394,642.46","$75,265,401.3402",860806269111.72%
166,"108,130",$0.0079,"$2,890,322,820.74","365,000,000,000","5,481,065,601.40",1.50%,"$412,253.68","$75,685,405.2211",865609830473.83%
167,"108,145",$0.0080,"$2,919,913,779.70","365,000,000,000","5,426,254,945.38",1.49%,"$412,327.30","$76,103,616.3523",870392888256.60%
168,"108,518",$0.0079,"$2,900,688,756.25","365,000,000,000","5,371,992,395.93",1.47%,"$412,383.20","$75,798,962.1658",866908575026.29%
169,"110,111",$0.0081,"$2,972,988,385.92","365,000,000,000","5,318,272,471.97",1.46%,"$405,571.34","$76,831,065.9774",878712689740.49%
170,"110,130",$0.0077,"$2,795,101,888.06","365,000,000,000","5,265,089,747.25",1.44%,"$411,523.40","$74,243,411.3002",849117825047.91%
171,"110,791",$0.0081,"$2,961,441,957.53","365,000,000,000","5,212,438,849.78",1.43%,"$383,031.21","$76,598,696.8048",876055096252.38%
172,"110,909",$0.0077,"$2,814,877,046.66","365,000,000,000","5,160,314,461.28",1.41%,"$401,767.63","$74,505,438.7320",852114618421.76%
173,"118,896",$0.0082,"$2,985,470,539.10","365,000,000,000","5,108,711,316.67",1.40%,"$378,064.88","$76,873,247.1704",879195113732.47%
174,"119,045",$0.0084,"$3,053,507,702.99","365,000,000,000","5,057,624,203.50",1.39%,"$396,967.45","$77,795,111.4258",889738424686.57%
175,"119,055",$0.0083,"$3,021,620,645.92","365,000,000,000","5,007,047,961.46",1.37%,"$401,953.97","$77,336,531.2304",884493668130.69%
176,"119,071",$0.0085,"$3,118,463,804.06","365,000,000,000","4,956,977,481.85",1.36%,"$393,778.89","$78,631,009.7357",899298547834.42%
177,"119,192",$0.0088,"$3,218,174,982.37","365,000,000,000","4,907,407,707.03",1.34%,"$402,335.54","$79,950,446.2493",914388870911.95%
178,"119,193",$0.0085,"$3,089,489,593.75","365,000,000,000","4,858,333,629.96",1.33%,"$411,048.00","$78,215,944.8806",894551473840.72%
179,"119,842",$0.0086,"$3,138,674,494.74","365,000,000,000","4,809,750,293.66",1.32%,"$390,665.28","$78,843,512.5694",901728931094.89%
180,"119,845",$0.0070,"$3,041,655,153.38","435,000,000,000","6,909,750,293.66",1.59%,$0.00,"$85,799,070.2512",981279263010.45%
181,"119,846",$0.0074,"$3,235,831,757.36","435,000,000,000","6,840,652,790.72",1.57%,"$458,993.65","$88,828,463.7893",1015926270839.87%
182,"120,110",$0.0075,"$3,242,959,021.01","435,000,000,000","6,772,246,262.82",1.56%,"$483,412.45","$88,913,980.9936",1016904326417.15%
183,"120,114",$0.0071,"$3,080,935,310.81","435,000,000,000","6,704,523,800.19",1.54%,"$479,632.44","$86,391,514.6033",988055016588.30%
184,"120,191",$0.0072,"$3,115,354,919.01","435,000,000,000","6,637,478,562.19",1.53%,"$451,112.50","$86,892,965.8895",993790087460.00%
185,"120,465",$0.0070,"$3,024,869,938.33","435,000,000,000","6,571,103,776.57",1.51%,"$451,590.72","$85,502,333.1332",977885496858.12%
186,"120,578",$0.0074,"$3,223,047,984.47","435,000,000,000","6,505,392,738.80",1.50%,"$434,089.60","$88,443,224.2946",1011520307856.36%
187,"120,592",$0.0073,"$3,190,868,514.33","435,000,000,000","6,440,338,811.41",1.48%,"$457,904.21","$87,942,694.8992",1005795780599.89%
188,"120,865",$0.0071,"$3,067,547,847.90","435,000,000,000","6,375,935,423.30",1.47%,"$448,799.09","$86,111,523.0769",984852768849.65%
189,"120,874",$0.0074,"$3,198,322,650.50","435,000,000,000","6,312,176,069.06",1.45%,"$427,139.37","$87,986,682.4699",1006298864034.78%
190,"120,909",$0.0075,"$3,264,532,355.13","435,000,000,000","6,249,054,308.37",1.44%,"$440,895.56","$88,914,622.3599",1016911661688.02%
191,"121,101",$0.0070,"$3,040,843,820.13","435,000,000,000","6,186,563,765.29",1.42%,"$445,522.48","$85,709,878.6693",980259183777.86%
192,"121,102",$0.0073,"$3,171,662,065.46","435,000,000,000","6,124,698,127.64",1.41%,"$410,844.95","$87,530,145.5088",1001077475836.48%
193,"121,265",$0.0073,"$3,175,939,452.45","435,000,000,000","6,063,451,146.36",1.39%,"$424,234.46","$87,567,439.7403",1001504007917.70%
194,"128,577",$0.0074,"$3,228,577,366.49","435,000,000,000","6,002,816,634.90",1.38%,"$420,558.53","$88,271,686.1062",1009558434999.72%
195,"128,589",$0.0074,"$3,228,862,868.78","435,000,000,000","5,942,788,468.55",1.37%,"$423,253.56","$88,253,310.0160",1009348268663.56%
196,"128,639",$0.0076,"$3,299,591,856.58","435,000,000,000","5,883,360,583.86",1.35%,"$419,058.08","$89,187,861.5435",1020036683252.40%
197,"128,657",$0.0077,"$3,334,786,272.70","435,000,000,000","5,824,526,978.02",1.34%,"$423,955.27","$89,636,791.3868",1025171069260.62%
198,"128,676",$0.0076,"$3,300,539,420.87","435,000,000,000","5,766,281,708.24",1.33%,"$424,192.53","$89,160,495.3601",1019723697712.89%
199,"134,834",$0.0078,"$3,385,686,473.60","435,000,000,000","5,708,618,891.16",1.31%,"$415,637.89","$90,256,026.7480",1032253230141.37%
200,"134,837",$0.0079,"$3,422,163,232.37","435,000,000,000","5,651,532,702.25",1.30%,"$422,096.88","$90,707,718.2380",1037419200951.79%
201,"134,845",$0.0075,"$3,269,988,211.60","435,000,000,000","5,595,017,375.23",1.29%,"$422,378.02","$88,728,196.1254",1014779515063.60%
202,"148,451",$0.0085,"$3,711,283,020.30","435,000,000,000","5,539,067,201.48",1.27%,"$399,559.97","$94,326,388.7245",1078805736936.92%
203,"148,515",$0.0084,"$3,638,627,153.44","435,000,000,000","5,483,676,529.46",1.26%,"$448,946.98","$93,386,848.9662",1068060272224.78%
204,"148,784",$0.0086,"$3,719,598,856.83","435,000,000,000","5,428,839,764.17",1.25%,"$435,756.36","$94,374,448.6811",1079355396025.77%
205,"148,798",$0.0083,"$3,608,344,469.04","435,000,000,000","5,374,551,366.52",1.24%,"$440,998.87","$92,976,657.9340",1063368939875.28%
206,"150,245",$0.0084,"$3,643,447,293.10","435,000,000,000","5,320,805,852.86",1.22%,"$423,530.37","$93,383,735.3945",1068024662476.34%
207,"196,399",$0.0112,"$4,860,864,040.22","435,000,000,000","5,267,597,794.33",1.21%,"$423,374.07","$108,103,663.5188",1236375673513.56%
208,"207,492",$0.0119,"$5,187,306,741.37","435,000,000,000","5,214,921,816.39",1.20%,"$559,191.33","$111,987,733.9226",1280797573804.42%
209,"207,502",$0.0116,"$5,031,933,378.97","435,000,000,000","5,162,772,598.22",1.19%,"$590,777.68","$110,112,600.5033",1259351775678.57%
210,"207,509",$0.0070,"$5,187,731,774.62","740,000,000,000","14,312,772,598.22",1.93%,$0.00,"$150,730,340.2108",1723894638121.51%
211,"207,980",$0.0068,"$5,043,520,648.19","740,000,000,000","14,169,644,872.24",1.91%,"$953,220.05","$147,918,791.7504",1691739112503.23%
212,"207,986",$0.0070,"$5,147,643,808.72","740,000,000,000","14,027,948,423.52",1.90%,"$917,454.75","$149,844,334.8279",1713761443126.04%
213,"215,755",$0.0073,"$5,393,869,389.63","740,000,000,000","13,887,668,939.28",1.88%,"$927,031.59","$154,416,488.7617",1766052917029.71%
214,"215,755",$0.0071,"$5,232,064,966.59","740,000,000,000","13,748,792,249.89",1.86%,"$961,660.25","$151,359,638.0406",1731091882903.60%
215,"216,231",$0.0072,"$5,297,667,329.59","740,000,000,000","13,611,304,327.39",1.84%,"$923,484.40","$152,517,700.7977",1744336583173.51%
216,"260,950",$0.0086,"$6,328,033,905.20","740,000,000,000","13,475,191,284.12",1.82%,"$925,712.89","$171,231,663.7950",1958367152108.05%
217,"260,954",$0.0088,"$6,523,852,897.97","740,000,000,000","13,340,439,371.28",1.80%,"$1,094,701.27","$174,704,198.4803",1998082340945.38%
218,"260,961",$0.0087,"$6,458,781,593.84","740,000,000,000","13,207,034,977.56",1.78%,"$1,117,290.69","$173,484,043.7212",1984127497852.34%
219,"260,992",$0.0087,"$6,459,539,658.84","740,000,000,000","13,074,964,627.79",1.77%,"$1,095,084.96","$173,439,801.8238",1983621505696.33%
220,"261,039",$0.0088,"$6,525,963,180.20","740,000,000,000","12,944,214,981.51",1.75%,"$1,084,261.35","$174,544,627.7886",1996257339691.03%
221,"290,415",$0.0097,"$7,187,763,836.03","740,000,000,000","12,814,772,831.70",1.73%,"$1,084,456.71","$185,948,125.5307",2126678518248.32%
222,"290,416",$0.0097,"$7,187,790,428.91","740,000,000,000","12,686,625,103.38",1.71%,"$1,182,487.60","$185,886,345.2518",2125971940585.18%
223,"290,831",$0.0098,"$7,270,781,380.71","740,000,000,000","12,559,758,852.34",1.70%,"$1,170,667.06","$187,233,307.3332",2141377072072.42%
224,"298,650",$0.0098,"$7,242,255,261.34","740,000,000,000","12,434,161,263.82",1.68%,"$1,172,341.86","$186,692,283.0104",2135189406550.70%
225,"298,651",$0.0099,"$7,316,946,792.73","740,000,000,000","12,309,819,651.18",1.66%,"$1,156,064.88","$187,873,923.0049",2148703758392.10%
226,"298,659",$0.0101,"$7,466,474,485.03","740,000,000,000","12,186,721,454.67",1.65%,"$1,156,307.85","$190,275,567.8537",2176171238873.82%
227,"320,424",$0.0108,"$8,010,611,755.76","740,000,000,000","12,064,854,240.12",1.63%,"$1,168,138.55","$199,085,623.1720",2276931358597.81%
228,"320,438",$0.0108,"$8,010,951,530.02","740,000,000,000","11,944,205,697.72",1.61%,"$1,240,736.76","$199,025,805.4721",2276247226842.69%
229,"321,050",$0.0107,"$7,945,996,905.81","740,000,000,000","11,824,763,640.75",1.60%,"$1,228,381.49","$197,923,217.2219",2263636985467.51%
230,"321,153",$0.0106,"$7,868,248,695.07","740,000,000,000","11,706,516,004.34",1.58%,"$1,206,237.28","$196,629,784.1937",2248844062827.25%
231,"321,163",$0.0106,"$7,868,492,296.92","740,000,000,000","11,589,450,844.30",1.57%,"$1,182,490.41","$196,571,363.0072",2248175902919.90%
232,"321,163",$0.0107,"$7,948,787,401.25","740,000,000,000","11,473,556,335.85",1.55%,"$1,170,701.75","$197,754,707.1298",2261709744781.16%
233,"334,975",$0.0110,"$8,123,152,817.18","740,000,000,000","11,358,820,772.49",1.53%,"$1,170,821.85","$200,369,551.8303",2291615580280.38%
234,"334,982",$0.0112,"$8,290,800,305.41","740,000,000,000","11,245,232,564.77",1.52%,"$1,184,540.07","$202,854,822.4730",2320039484382.31%
235,"335,133",$0.0112,"$8,294,539,538.18","740,000,000,000","11,132,780,239.12",1.50%,"$1,196,897.01","$202,848,082.0242",2319962394238.71%
236,"335,314",$0.0110,"$8,131,359,956.25","740,000,000,000","11,021,452,436.73",1.49%,"$1,185,462.45","$200,355,316.2893",2291452769177.55%
237,"335,326",$0.0110,"$8,131,653,555.90","740,000,000,000","10,911,237,912.36",1.47%,"$1,150,519.29","$200,299,091.7449",2290809732145.97%
238,"336,092",$0.0110,"$8,150,235,852.17","740,000,000,000","10,802,125,533.24",1.46%,"$1,139,055.22","$200,510,395.9256",2293226406477.00%
239,"354,898",$0.0119,"$8,783,729,554.30","740,000,000,000","10,694,104,277.91",1.45%,"$1,130,241.58","$209,605,838.8641",2397250488768.94%
240,"354,941",$0.0070,"$8,607,307,631.78","1,230,000,000,000","25,394,104,277.91",2.06%,$0.00,"$260,370,983.4833",2977848664922.86%
241,"354,992",$0.0071,"$8,786,063,572.80","1,230,000,000,000","25,140,163,235.13",2.04%,"$1,688,179.87","$263,935,752.6726",3018618734727.05%
242,"355,142",$0.0070,"$8,612,188,831.03","1,230,000,000,000","24,888,761,602.78",2.02%,"$1,706,007.47","$260,327,648.1742",2977353041368.72%
243,"355,175",$0.0071,"$8,790,570,385.59","1,230,000,000,000","24,639,873,986.75",2.00%,"$1,655,523.41","$263,813,929.2056",3017225446413.53%
244,"355,178",$0.0072,"$8,879,449,012.08","1,230,000,000,000","24,393,475,246.88",1.98%,"$1,672,915.60","$265,488,530.2641",3036377766920.13%
245,"355,664",$0.0071,"$8,713,771,305.90","1,230,000,000,000","24,149,540,494.41",1.96%,"$1,672,931.62","$262,147,602.7973",2998167762626.16%
246,"355,676",$0.0072,"$8,802,985,698.47","1,230,000,000,000","23,908,045,089.47",1.94%,"$1,625,299.95","$263,796,159.6539",3017022217024.83%
247,"358,933",$0.0071,"$8,793,859,852.02","1,230,000,000,000","23,668,964,638.57",1.92%,"$1,625,520.89","$263,534,996.7055",3014035310700.57%
248,"358,934",$0.0072,"$8,883,621,430.04","1,230,000,000,000","23,432,274,992.19",1.91%,"$1,607,597.40","$265,160,400.9341",3032624969760.59%
249,"358,934",$0.0071,"$8,704,154,633.33","1,230,000,000,000","23,197,952,242.27",1.89%,"$1,607,766.56","$261,691,015.6419",2992945800359.44%
250,"359,923",$0.0073,"$8,998,082,535.35","1,230,000,000,000","22,965,972,719.84",1.87%,"$1,559,533.62","$267,097,016.3716",3054773934358.15%
251,"369,442",$0.0073,"$8,958,962,781.57","1,230,000,000,000","22,736,312,992.64",1.85%,"$1,596,075.06","$266,289,891.3107",3045542889281.17%
252,"369,453",$0.0073,"$8,959,234,161.84","1,230,000,000,000","22,508,949,862.72",1.83%,"$1,573,244.66","$266,212,055.2081",3044652682043.05%
253,"369,453",$0.0075,"$9,236,334,183.33","1,230,000,000,000","22,283,860,364.09",1.81%,"$1,557,559.39","$271,150,288.3052",3101130983269.22%
254,"369,519",$0.0074,"$9,145,596,101.52","1,230,000,000,000","22,061,021,760.45",1.79%,"$1,589,675.79","$269,439,161.9737",3081560925216.59%
255,"369,606",$0.0074,"$9,055,356,983.03","1,230,000,000,000","21,840,411,542.85",1.78%,"$1,558,318.17","$267,754,820.4433",3062297203465.80%
256,"369,620",$0.0074,"$9,148,106,214.68","1,230,000,000,000","21,622,007,427.42",1.76%,"$1,527,512.90","$269,304,851.5116",3080024823824.34%
257,"369,730",$0.0074,"$9,058,379,719.57","1,230,000,000,000","21,405,787,353.14",1.74%,"$1,527,726.83","$267,662,927.5403",3061246229372.38%
258,"372,888",$0.0076,"$9,322,199,758.88","1,230,000,000,000","21,191,729,479.61",1.72%,"$1,497,615.14","$272,129,473.9057",3112329875305.34%
259,"388,905",$0.0079,"$9,722,620,948.49","1,230,000,000,000","20,979,812,184.82",1.71%,"$1,525,819.99","$278,879,054.8692",3189524462784.38%
260,"389,724",$0.0079,"$9,743,090,818.30","1,230,000,000,000","20,770,014,062.97",1.69%,"$1,575,445.72","$279,141,794.7905",3192529404861.07%
261,"390,511",$0.0079,"$9,665,143,101.84","1,230,000,000,000","20,562,313,922.34",1.67%,"$1,562,975.01","$277,756,455.3742",3176685353898.40%
262,"423,312",$0.0085,"$10,476,978,122.57","1,230,000,000,000","20,356,690,783.11",1.66%,"$1,534,966.03","$291,111,663.2039",3329428133738.91%
263,"423,326",$0.0086,"$10,583,154,729.15","1,230,000,000,000","20,153,123,875.28",1.64%,"$1,647,258.32","$292,764,632.3121",3348333050816.08%
264,"423,333",$0.0086,"$10,583,321,052.81","1,230,000,000,000","19,951,592,636.53",1.62%,"$1,647,312.58","$292,680,629.5543",3347372315879.77%
265,"423,355",$0.0085,"$10,478,045,381.96","1,230,000,000,000","19,752,076,710.16",1.61%,"$1,630,865.08","$290,904,214.7725",3327055557400.59%
266,"423,364",$0.0084,"$10,372,417,828.74","1,230,000,000,000","19,554,555,943.06",1.59%,"$1,598,495.92","$289,140,815.1980",3306887653132.83%
267,"423,495",$0.0083,"$10,269,763,671.13","1,230,000,000,000","19,359,010,383.63",1.57%,"$1,566,557.91","$287,442,687.6244",3287466261162.95%
268,"423,604",$0.0085,"$10,484,208,954.60","1,230,000,000,000","19,165,420,279.80",1.56%,"$1,535,543.40","$290,703,279.2943",3324757469351.35%
269,"423,608",$0.0084,"$10,378,405,243.66","1,230,000,000,000","18,973,766,077.00",1.54%,"$1,551,931.36","$288,989,489.0529",3305156944306.85%
270,"423,608",$0.0070,"$10,590,209,838.70","1,515,000,000,000","27,523,766,077.00",1.82%,$0.00,"$321,291,677.0370",3674595297532.71%
271,"423,738",$0.0069,"$10,487,505,248.48","1,515,000,000,000","27,248,528,416.23",1.80%,"$1,827,777.79","$319,348,251.1794",3652368442534.31%
272,"423,961",$0.0068,"$10,281,052,754.25","1,515,000,000,000","26,976,043,132.07",1.78%,"$1,791,951.36","$315,577,851.2245",3609246584937.61%
273,"439,788",$0.0073,"$10,994,689,757.90","1,515,000,000,000","26,706,282,700.75",1.76%,"$1,739,109.02","$328,066,247.5967",3752075689654.57%
274,"439,804",$0.0073,"$10,995,098,401.31","1,515,000,000,000","26,439,219,873.74",1.75%,"$1,841,227.25","$327,976,472.3931",3751048935572.41%
275,"439,854",$0.0073,"$10,996,362,071.15","1,515,000,000,000","26,174,827,675.00",1.73%,"$1,822,882.73","$327,902,363.7650",3750201359254.63%
276,"442,405",$0.0073,"$11,060,135,291.14","1,515,000,000,000","25,913,079,398.25",1.71%,"$1,804,861.31","$328,898,170.0832",3761590341527.33%
277,"442,451",$0.0073,"$11,061,284,433.77","1,515,000,000,000","25,653,948,604.27",1.69%,"$1,797,175.29","$328,823,040.6863",3760731090734.17%
278,"442,463",$0.0071,"$10,729,721,451.73","1,515,000,000,000","25,397,409,118.23",1.68%,"$1,779,388.39","$323,171,077.9705",3696089902983.70%
279,"452,155",$0.0073,"$11,077,795,021.25","1,515,000,000,000","25,143,435,027.04",1.66%,"$1,708,790.56","$328,857,884.3185",3761129595445.18%
280,"452,173",$0.0075,"$11,304,334,879.59","1,515,000,000,000","24,892,000,676.77",1.64%,"$1,746,581.71","$332,488,091.1815",3802648072336.19%
281,"452,182",$0.0072,"$10,965,412,416.32","1,515,000,000,000","24,643,080,670.01",1.63%,"$1,764,476.14","$326,882,290.9445",3738534842325.62%
282,"452,184",$0.0075,"$11,304,601,315.79","1,515,000,000,000","24,396,649,863.30",1.61%,"$1,694,458.52","$332,255,203.1864",3799984545102.96%
283,"453,403",$0.0074,"$11,221,716,811.47","1,515,000,000,000","24,152,683,364.67",1.59%,"$1,729,403.83","$330,842,806.8902",3783831046088.40%
284,"453,408",$0.0074,"$11,221,846,414.63","1,515,000,000,000","23,911,156,531.03",1.58%,"$1,699,556.73","$330,755,402.0552",3782831401781.23%
285,"453,456",$0.0073,"$11,109,680,175.71","1,515,000,000,000","23,672,044,965.71",1.56%,"$1,682,580.59","$328,914,235.1150",3761774076416.27%
286,"453,462",$0.0075,"$11,336,541,250.16","1,515,000,000,000","23,435,324,516.06",1.55%,"$1,649,104.99","$332,336,722.5575",3800916877680.97%
287,"453,628",$0.0073,"$11,113,885,437.33","1,515,000,000,000","23,200,971,270.90",1.53%,"$1,665,952.12","$328,839,251.3508",3760916491214.81%
288,"456,844",$0.0073,"$11,078,460,133.30","1,515,000,000,000","22,968,961,558.19",1.52%,"$1,616,899.60","$328,217,067.2486",3753800605745.35%
289,"461,040",$0.0074,"$11,180,231,336.63","1,515,000,000,000","22,739,271,942.61",1.50%,"$1,595,628.31","$329,660,613.5891",3770310366109.20%
290,"508,357",$0.0083,"$12,581,827,646.78","1,515,000,000,000","22,511,879,223.18",1.49%,"$1,594,183.53","$350,403,485.9939",4007545460715.65%
291,"508,382",$0.0083,"$12,582,449,736.68","1,515,000,000,000","22,286,760,430.95",1.47%,"$1,776,096.07","$350,319,158.6517",4006581013524.68%
292,"509,482",$0.0082,"$12,482,301,145.20","1,515,000,000,000","22,063,892,826.64",1.46%,"$1,758,422.05","$348,768,083.5292",3988841452376.47%
293,"509,531",$0.0082,"$12,483,515,025.12","1,515,000,000,000","21,843,253,898.37",1.44%,"$1,726,981.83","$348,694,691.4566",3988002071265.04%
294,"509,711",$0.0082,"$12,360,503,830.40","1,515,000,000,000","21,624,821,359.39",1.43%,"$1,709,878.28","$346,848,859.5060",3966891392430.85%
295,"510,990",$0.0083,"$12,647,005,393.97","1,515,000,000,000","21,408,573,145.80",1.41%,"$1,676,099.03","$350,809,217.8138",4012185793298.15%
296,"511,912",$0.0083,"$12,541,851,039.53","1,515,000,000,000","21,194,487,414.34",1.40%,"$1,697,799.49","$349,248,775.6938",3994339102311.92%
297,"513,053",$0.0082,"$12,441,525,818.61","1,515,000,000,000","20,982,542,540.19",1.38%,"$1,666,846.20","$347,771,556.3752",3977444225943.50%
298,"513,089",$0.0084,"$12,698,961,356.12","1,515,000,000,000","20,772,717,114.79",1.37%,"$1,636,977.57","$351,215,192.1333",4016828899334.84%
299,"525,820",$0.0085,"$12,882,585,293.06","1,515,000,000,000","20,564,989,943.64",1.36%,"$1,654,140.83","$353,620,689.4604",4044340440400.75%
300,"526,200",$0.0070,"$13,023,460,444.07","1,860,000,000,000","30,914,989,943.64",1.66%,$0.00,"$395,211,691.4123",4520014449779.19%
301,"526,203",$0.0069,"$12,891,983,010.62","1,860,000,000,000","30,605,840,044.21",1.65%,"$2,056,393.23","$392,940,031.5349",4494033600289.57%
302,"526,203",$0.0070,"$13,023,534,140.18","1,860,000,000,000","30,299,781,643.77",1.63%,"$2,015,276.73","$394,976,959.2316",4517329830695.54%
303,"526,507",$0.0069,"$12,767,794,897.22","1,860,000,000,000","29,996,783,827.33",1.61%,"$2,015,482.41","$390,746,496.9155",4468946265093.25%
304,"526,943",$0.0069,"$12,778,369,228.34","1,860,000,000,000","29,696,815,989.05",1.60%,"$1,956,145.94","$390,812,371.9552",4469699674311.21%
305,"526,963",$0.0069,"$12,910,600,010.18","1,860,000,000,000","29,399,847,829.16",1.58%,"$1,938,188.36","$392,800,450.6782",4492437221683.05%
306,"526,967",$0.0069,"$12,910,683,303.19","1,860,000,000,000","29,105,849,350.87",1.56%,"$1,938,662.32","$392,699,719.2136",4491285161444.47%
307,"526,968",$0.0071,"$13,174,201,509.81","1,860,000,000,000","28,814,790,857.36",1.55%,"$1,919,288.08","$396,681,081.4766",4536819783394.76%
308,"526,980",$0.0071,"$13,174,487,817.91","1,860,000,000,000","28,526,642,948.79",1.53%,"$1,938,877.79","$396,583,426.3574",4535702907150.38%
309,"527,106",$0.0070,"$13,045,885,847.14","1,860,000,000,000","28,241,376,519.30",1.52%,"$1,919,530.72","$394,529,765.8023",4512215303959.04%
310,"575,189",$0.0077,"$14,379,717,893.30","1,860,000,000,000","27,958,962,754.11",1.50%,"$1,881,785.41","$414,480,488.1741",4740390622063.16%
311,"575,191",$0.0075,"$13,948,380,199.73","1,860,000,000,000","27,679,373,126.57",1.49%,"$2,053,440.31","$407,953,510.7750",4665741939346.07%
312,"577,025",$0.0076,"$14,137,121,251.98","1,860,000,000,000","27,402,579,395.30",1.47%,"$1,971,926.34","$410,630,365.8608",4696356984221.82%
313,"577,029",$0.0076,"$14,137,212,721.70","1,860,000,000,000","27,128,553,601.35",1.46%,"$1,978,623.16","$410,527,561.9078",4695181221046.89%
314,"577,033",$0.0077,"$14,281,562,486.71","1,860,000,000,000","26,857,268,065.34",1.44%,"$1,958,849.60","$412,508,787.3204",4717840387484.31%
315,"581,519",$0.0077,"$14,247,227,368.19","1,860,000,000,000","26,588,695,384.68",1.43%,"$1,959,062.17","$411,914,858.3508",4711047654417.04%
316,"583,531",$0.0077,"$14,296,498,892.94","1,860,000,000,000","26,322,808,430.84",1.42%,"$1,934,808.76","$412,510,319.2716",4717857908326.41%
317,"583,556",$0.0078,"$14,588,902,307.17","1,860,000,000,000","26,059,580,346.53",1.40%,"$1,922,084.95","$416,505,882.8555",4763554950005.27%
318,"585,793",$0.0076,"$14,205,469,964.43","1,860,000,000,000","25,798,984,543.06",1.39%,"$1,941,783.00","$411,085,315.4257",4701560217456.03%
319,"585,806",$0.0078,"$14,498,700,791.09","1,860,000,000,000","25,540,994,697.63",1.37%,"$1,871,840.67","$415,013,360.3928",4746485052416.92%
320,"585,812",$0.0077,"$14,352,389,063.98","1,860,000,000,000","25,285,584,750.65",1.36%,"$1,891,374.61","$412,924,794.1584",4722598234885.51%
321,"585,816",$0.0076,"$14,206,035,892.80","1,860,000,000,000","25,032,728,903.15",1.35%,"$1,853,565.17","$410,857,550.3233",4698955280466.10%
322,"588,522",$0.0077,"$14,271,665,515.05","1,860,000,000,000","24,782,401,614.12",1.33%,"$1,816,317.49","$411,636,395.3415",4707862888243.85%
323,"588,539",$0.0079,"$14,713,482,024.98","1,860,000,000,000","24,534,577,597.98",1.32%,"$1,806,461.50","$417,369,157.9080",4773428179457.79%
324,"588,540",$0.0078,"$14,566,372,070.16","1,860,000,000,000","24,289,231,822.00",1.31%,"$1,843,761.36","$415,351,049.1288",4750347179979.02%
325,"601,021",$0.0079,"$14,725,023,275.79","1,860,000,000,000","24,046,339,503.78",1.29%,"$1,807,073.59","$417,307,004.9134",4772717339065.08%
326,"601,036",$0.0079,"$14,725,372,130.14","1,860,000,000,000","23,805,876,108.74",1.28%,"$1,808,487.98","$417,216,286.2730",4771679794948.71%
327,"601,235",$0.0079,"$14,730,247,748.74","1,860,000,000,000","23,567,817,347.65",1.27%,"$1,790,445.51","$417,183,830.6259",4771308601491.37%
328,"601,241",$0.0079,"$14,730,398,197.15","1,860,000,000,000","23,332,139,174.17",1.25%,"$1,773,127.95","$417,092,395.3512",4770262861267.46%
329,"601,241",$0.0079,"$14,730,398,212.53","1,860,000,000,000","23,098,817,782.43",1.24%,"$1,755,414.60","$417,000,005.3000",4769206201316.57%
330,"602,991",$0.0070,"$15,074,775,260.50","2,150,000,000,000","31,798,817,782.43",1.48%,$0.00,"$457,025,479.8784",5226975359944.30%
331,"603,293",$0.0069,"$14,780,679,388.43","2,150,000,000,000","31,480,829,604.61",1.46%,"$2,118,102.47","$452,607,776.5985",5176450329702.50%
332,"603,317",$0.0069,"$14,781,254,320.95","2,150,000,000,000","31,166,021,308.56",1.45%,"$2,056,012.31","$452,507,899.5447",5175308041313.09%
333,"612,252",$0.0069,"$14,847,099,372.81","2,150,000,000,000","30,854,361,095.48",1.44%,"$2,035,531.36","$453,345,699.8066",5184889916981.47%
334,"612,284",$0.0071,"$15,307,102,520.07","2,150,000,000,000","30,545,817,484.52",1.42%,"$2,024,152.92","$459,774,594.3629",5258416831600.92%
335,"614,672",$0.0071,"$15,213,124,274.34","2,150,000,000,000","30,240,359,309.68",1.41%,"$2,065,997.96","$458,344,026.9683",5242055510730.68%
336,"614,842",$0.0071,"$15,217,329,606.76","2,150,000,000,000","29,937,955,716.58",1.39%,"$2,032,780.59","$458,295,596.2165",5241501610877.68%
337,"614,852",$0.0070,"$15,063,874,579.67","2,150,000,000,000","29,638,576,159.41",1.38%,"$2,013,009.08","$456,074,211.8550",5216095759706.84%
338,"614,854",$0.0071,"$15,371,338,256.89","2,150,000,000,000","29,342,190,397.82",1.36%,"$1,972,782.35","$460,166,501.0924",5262899047383.11%
339,"614,866",$0.0069,"$14,910,488,681.97","2,150,000,000,000","29,048,768,493.84",1.35%,"$1,992,917.66","$453,835,046.6834",5190486550386.98%
340,"615,064",$0.0071,"$15,222,839,383.22","2,150,000,000,000","28,758,280,808.90",1.34%,"$1,913,836.13","$457,912,304.1301",5237117920296.84%
341,"615,072",$0.0069,"$14,915,487,530.94","2,150,000,000,000","28,470,698,000.81",1.32%,"$1,934,388.63","$453,740,484.0785",5189405043057.69%
342,"615,290",$0.0070,"$15,074,599,123.17","2,150,000,000,000","28,185,991,020.81",1.31%,"$1,876,379.65","$455,727,642.5619",5212132065699.74%
343,"615,690",$0.0071,"$15,238,325,909.04","2,150,000,000,000","27,904,131,110.60",1.30%,"$1,877,432.05","$457,753,785.5579",5235304952076.03%
344,"615,692",$0.0070,"$15,084,458,792.61","2,150,000,000,000","27,625,089,799.49",1.28%,"$1,878,844.80","$455,677,879.0321",5211562922937.21%
345,"624,403",$0.0072,"$15,453,963,183.15","2,150,000,000,000","27,348,838,901.50",1.27%,"$1,841,274.66","$460,281,209.8627",5264210965301.13%
346,"624,403",$0.0070,"$15,141,765,888.35","2,150,000,000,000","27,075,350,512.48",1.26%,"$1,867,514.20","$456,251,360.9509",5218121804205.54%
347,"624,598",$0.0072,"$15,458,792,681.79","2,150,000,000,000","26,804,597,007.36",1.25%,"$1,811,489.25","$460,108,473.1041",5262235384461.69%
348,"624,625",$0.0071,"$15,303,307,875.67","2,150,000,000,000","26,536,551,037.28",1.23%,"$1,830,922.66","$458,093,024.8030",5239184812725.32%
349,"625,291",$0.0071,"$15,319,628,165.08","2,150,000,000,000","26,271,185,526.91",1.22%,"$1,794,382.14","$458,198,003.8010",5240385451770.85%
350,"625,295",$0.0071,"$15,319,734,224.30","2,150,000,000,000","26,008,473,671.64",1.21%,"$1,778,332.81","$458,105,690.3319",5239329667685.57%
351,"625,303",$0.0072,"$15,476,239,351.03","2,150,000,000,000","25,748,388,934.93",1.20%,"$1,760,561.67","$459,887,333.7837",5259706226177.40%
352,"625,308",$0.0073,"$15,632,691,958.26","2,150,000,000,000","25,490,905,045.58",1.19%,"$1,760,761.95","$461,649,600.9651",5279861179326.27%
353,"632,074",$0.0073,"$15,643,843,046.85","2,150,000,000,000","25,235,995,995.12",1.17%,"$1,760,776.25","$461,687,816.3576",5280298246675.34%
354,"632,207",$0.0072,"$15,489,083,121.42","2,150,000,000,000","24,983,636,035.17",1.16%,"$1,744,411.92","$459,797,649.0878",5258680507226.52%
355,"632,214",$0.0073,"$15,647,288,100.76","2,150,000,000,000","24,733,799,674.82",1.15%,"$1,709,883.42","$461,527,659.9989",5278466547180.81%
356,"632,224",$0.0074,"$15,805,595,048.11","2,150,000,000,000","24,486,461,678.07",1.14%,"$1,710,074.63","$463,240,622.1176",5298057601030.04%
357,"632,226",$0.0073,"$15,647,597,251.37","2,150,000,000,000","24,241,597,061.29",1.13%,"$1,710,102.06","$461,369,166.0832",5276653860955.51%
358,"632,684",$0.0074,"$15,817,088,161.91","2,150,000,000,000","23,999,181,090.68",1.12%,"$1,676,077.26","$463,172,878.4932",5297282820911.79%
359,"632,684",$0.0072,"$15,500,748,843.56","2,150,000,000,000","23,759,189,279.77",1.11%,"$1,677,289.79","$459,588,802.0640",5256291935263.58%
360,"632,854",$0.0070,"$15,821,354,082.18","2,260,000,000,000","27,059,189,279.77",1.20%,$0.00,"$477,723,885.7354",5463701893080.30%
361,"632,858",$0.0070,"$15,821,440,519.81","2,260,000,000,000","26,788,597,386.97",1.19%,"$1,799,590.11","$477,630,195.0431",5462630357768.37%
362,"633,906",$0.0070,"$15,847,643,063.29","2,260,000,000,000","26,520,711,413.10",1.17%,"$1,781,603.94","$477,843,908.7572",5465074589801.19%
363,"633,906",$0.0068,"$15,372,219,313.27","2,260,000,000,000","26,255,504,298.97",1.16%,"$1,766,708.98","$472,227,698.2720",5400842298353.06%
364,"633,979",$0.0069,"$15,532,483,782.92","2,260,000,000,000","25,992,949,255.98",1.15%,"$1,696,571.25","$473,981,655.5915",5420902212067.27%
365,"635,967",$0.0070,"$15,740,176,696.48","2,260,000,000,000","25,733,019,763.42",1.14%,"$1,697,116.41","$476,257,185.8207",5446927326557.68%
366,"635,978",$0.0068,"$15,422,455,324.18","2,260,000,000,000","25,475,689,565.79",1.13%,"$1,702,611.35","$472,586,083.0825",5404941125784.43%
367,"635,979",$0.0068,"$15,422,493,437.09","2,260,000,000,000","25,220,932,670.13",1.12%,"$1,651,561.06","$472,499,584.1450",5403951842177.45%
368,"635,980",$0.0068,"$15,422,506,519.13","2,260,000,000,000","24,968,723,343.43",1.10%,"$1,635,049.49","$472,413,673.4403",5402969286158.21%
369,"636,085",$0.0069,"$15,584,093,122.75","2,260,000,000,000","24,719,036,109.99",1.09%,"$1,618,700.37","$474,095,852.6176",5422208277194.28%
370,"636,094",$0.0069,"$15,584,312,294.84","2,260,000,000,000","24,471,845,748.89",1.08%,"$1,619,303.42","$474,012,999.3721",5421260689167.32%
371,"636,099",$0.0069,"$15,584,424,901.29","2,260,000,000,000","24,227,127,291.40",1.07%,"$1,603,132.93","$473,929,831.0923",5420309498110.18%
372,"636,575",$0.0069,"$15,596,083,969.51","2,260,000,000,000","23,984,856,018.49",1.06%,"$1,587,113.07","$473,970,033.8133",5420769294427.27%
373,"636,642",$0.0068,"$15,438,572,195.26","2,260,000,000,000","23,745,007,458.31",1.05%,"$1,572,417.42","$472,232,355.4201",5400895561900.55%
374,"636,646",$0.0070,"$15,916,158,541.87","2,260,000,000,000","23,507,557,383.72",1.04%,"$1,540,971.51","$477,118,901.4124",5456782720542.85%
375,"636,652",$0.0069,"$15,597,973,028.83","2,260,000,000,000","23,272,481,809.89",1.03%,"$1,572,754.47","$473,759,590.9835",5418362471318.03%
376,"652,122",$0.0071,"$15,976,982,959.63","2,260,000,000,000","23,039,756,991.79",1.02%,"$1,525,899.85","$477,543,128.5637",5461634583216.17%
377,"652,209",$0.0071,"$15,979,115,604.61","2,260,000,000,000","22,809,359,421.87",1.01%,"$1,547,347.41","$477,483,213.2378",5460949334918.21%
378,"652,277",$0.0071,"$16,143,843,997.70","2,260,000,000,000","22,581,265,827.65",1.00%,"$1,532,078.41","$479,048,495.9538",5478851387535.45%
379,"652,499",$0.0071,"$16,149,355,423.67","2,260,000,000,000","22,355,453,169.37",0.99%,"$1,532,393.85","$479,022,361.5329",5478552489596.06%
380,"654,045",$0.0072,"$16,187,608,025.53","2,260,000,000,000","22,131,898,637.68",0.98%,"$1,517,587.84","$479,317,091.4566",5481923299576.88%
381,"654,663",$0.0070,"$15,875,570,750.31","2,260,000,000,000","21,910,579,651.30",0.97%,"$1,505,970.69","$476,212,645.0748",5446417916488.22%
382,"655,652",$0.0073,"$16,391,304,854.76","2,260,000,000,000","21,691,473,854.79",0.96%,"$1,462,171.72","$481,085,703.2004",5502150815139.01%
383,"655,655",$0.0071,"$16,063,537,613.22","2,260,000,000,000","21,474,559,116.24",0.95%,"$1,494,575.14","$477,892,591.3486",5465631369930.14%
384,"655,655",$0.0072,"$16,227,451,305.37","2,260,000,000,000","21,259,813,525.08",0.94%,"$1,450,042.12","$479,358,208.9748",5482393558378.94%
385,"658,165",$0.0073,"$16,454,123,113.69","2,260,000,000,000","21,047,215,389.83",0.93%,"$1,450,190.09","$481,392,861.2218",5505663764591.53%
386,"658,211",$0.0071,"$15,961,611,721.29","2,260,000,000,000","20,836,743,235.93",0.92%,"$1,455,742.48","$476,775,387.6993",5452853973036.74%
387,"658,274",$0.0071,"$16,127,722,109.52","2,260,000,000,000","20,628,375,803.57",0.91%,"$1,398,046.92","$478,217,995.4474",5469352998770.29%
388,"659,259",$0.0071,"$15,987,027,707.82","2,260,000,000,000","20,422,092,045.54",0.90%,"$1,398,470.25","$476,873,031.5633",5453970720556.99%
389,"659,273",$0.0071,"$16,152,190,862.97","2,260,000,000,000","20,217,871,125.08",0.89%,"$1,372,407.63","$478,278,342.6738",5470043186690.60%
390,"659,277",$0.0070,"$15,987,470,713.43","2,285,000,000,000","20,967,871,125.08",0.92%,$0.00,"$480,487,485.2004",5495309028666.12%
391,"661,128",$0.0072,"$16,528,210,899.97","2,285,000,000,000","20,758,192,413.83",0.91%,"$1,393,707.06","$485,326,512.4324",5550652717851.75%
392,"661,231",$0.0071,"$16,200,159,228.90","2,285,000,000,000","20,550,610,489.69",0.90%,"$1,426,437.61","$482,301,037.5949",5516050527986.44%
393,"661,391",$0.0071,"$16,204,076,055.35","2,285,000,000,000","20,345,104,384.79",0.89%,"$1,384,144.44","$482,263,062.3923",5515616207675.93%
394,"661,402",$0.0072,"$16,535,049,033.37","2,285,000,000,000","20,141,653,340.95",0.88%,"$1,370,634.30","$485,108,360.5013",5548157726174.00%
395,"661,739",$0.0072,"$16,543,484,960.07","2,285,000,000,000","19,940,236,807.54",0.87%,"$1,384,643.61","$485,109,101.3168",5548166198840.25%
396,"661,828",$0.0071,"$16,214,787,698.93","2,285,000,000,000","19,740,834,439.46",0.86%,"$1,371,496.53","$482,197,198.1584",5514862922043.74%
397,"662,023",$0.0072,"$16,550,575,400.19","2,285,000,000,000","19,543,426,095.07",0.86%,"$1,330,804.23","$484,999,121.7485",5546908368547.20%
398,"664,841",$0.0071,"$16,288,610,381.93","2,285,000,000,000","19,347,991,834.12",0.85%,"$1,344,779.87","$482,710,183.2332",5520729904222.38%
399,"664,848",$0.0072,"$16,454,980,774.20","2,285,000,000,000","19,154,511,915.77",0.84%,"$1,310,259.54","$484,035,858.3801",5535891578206.82%
400,"664,874",$0.0072,"$16,455,638,499.42","2,285,000,000,000","18,962,966,796.62",0.83%,"$1,310,405.99","$483,972,348.0339",5535165213859.10%
401,"665,252",$0.0068,"$15,633,430,552.07","2,285,000,000,000","18,773,337,128.65",0.82%,"$1,297,353.79","$477,148,885.9557",5457125652120.64%
402,"665,253",$0.0068,"$15,477,102,521.28","2,285,000,000,000","18,585,603,757.36",0.81%,"$1,220,206.04","$475,813,132.4907",5441848712964.43%
403,"665,253",$0.0068,"$15,633,441,800.25","2,285,000,000,000","18,399,747,719.79",0.81%,"$1,195,924.42","$477,009,096.4488",5455526887193.54%
404,"670,686",$0.0069,"$15,761,114,316.39","2,285,000,000,000","18,215,750,242.59",0.80%,"$1,195,924.80","$477,963,943.2647",5466447417883.40%
405,"670,691",$0.0068,"$15,603,615,608.70","2,285,000,000,000","18,033,592,740.17",0.79%,"$1,193,634.56","$476,658,114.9004",5451512730463.86%
406,"670,706",$0.0068,"$15,603,974,204.62","2,285,000,000,000","17,853,256,812.77",0.78%,"$1,169,889.66","$476,599,343.5570",5450840565831.96%
407,"670,707",$0.0068,"$15,604,002,286.89","2,285,000,000,000","17,674,724,244.64",0.77%,"$1,158,217.38","$476,538,601.9671",5450145867597.40%
408,"670,724",$0.0068,"$15,604,392,453.66","2,285,000,000,000","17,497,977,002.19",0.77%,"$1,146,637.27","$476,481,240.4399",5449489826955.45%
409,"744,068",$0.0077,"$17,485,601,372.11","2,285,000,000,000","17,322,997,232.17",0.76%,"$1,135,199.28","$490,683,277.3052",5611917744053.80%
410,"744,113",$0.0076,"$17,311,791,973.06","2,285,000,000,000","17,149,767,259.85",0.75%,"$1,259,334.24","$489,312,492.9493",5596240158518.64%
411,"747,164",$0.0077,"$17,558,364,481.41","2,285,000,000,000","16,978,269,587.25",0.74%,"$1,234,348.11","$491,079,638.6465",5616450906985.55%
412,"749,595",$0.0077,"$17,615,483,573.87","2,285,000,000,000","16,808,486,891.38",0.74%,"$1,239,409.69","$491,434,575.2740",5620510297737.84%
413,"765,636",$0.0078,"$17,812,530,931.74","2,285,000,000,000","16,640,402,022.46",0.73%,"$1,231,007.19","$492,804,773.2784",5636181177202.48%
414,"765,851",$0.0079,"$17,997,507,527.76","2,285,000,000,000","16,473,998,002.24",0.72%,"$1,232,329.51","$494,073,526.1167",5650691833863.05%
415,"770,497",$0.0078,"$17,925,613,179.04","2,285,000,000,000","16,309,258,022.22",0.71%,"$1,232,675.53","$493,495,500.3245",5644080984563.62%
416,"770,546",$0.0078,"$17,926,741,567.13","2,285,000,000,000","16,146,165,441.99",0.71%,"$1,215,473.86","$493,439,501.3816",5643440527724.28%
417,"770,568",$0.0079,"$18,108,349,892.91","2,285,000,000,000","15,984,703,787.57",0.70%,"$1,203,394.87","$494,646,604.7625",5657246102919.78%
418,"782,740",$0.0080,"$18,210,456,086.43","2,285,000,000,000","15,824,856,749.70",0.69%,"$1,203,430.10","$495,290,406.7674",5664609231157.90%
419,"782,954",$0.0080,"$18,215,415,597.64","2,285,000,000,000","15,666,608,182.20",0.69%,"$1,198,113.64","$495,261,351.9706",5664276933039.95%
420,"783,007",$0.0070,"$18,400,670,111.06","2,630,000,000,000","26,016,608,182.20",0.99%,$0.00,"$552,395,259.2107",6317714298165.51%
421,"783,014",$0.0070,"$18,400,823,642.60","2,630,000,000,000","25,756,442,100.38",0.98%,"$1,729,227.66","$552,305,750.8130",6316690595527.28%
422,"814,148",$0.0073,"$19,132,479,959.61","2,630,000,000,000","25,498,877,679.38",0.97%,"$1,711,949.66","$559,309,342.0893",6396790285029.59%
423,"814,173",$0.0072,"$18,941,735,807.85","2,630,000,000,000","25,243,888,902.58",0.96%,"$1,762,220.26","$557,385,747.9604",6374790244425.47%
424,"825,722",$0.0074,"$19,404,463,147.70","2,630,000,000,000","24,991,450,013.56",0.95%,"$1,727,205.02","$561,691,886.9895",6424039320446.32%
425,"826,435",$0.0074,"$19,421,211,494.03","2,630,000,000,000","24,741,535,513.42",0.94%,"$1,751,704.89","$561,757,250.8564",6424786883409.88%
426,"827,373",$0.0074,"$19,443,267,205.16","2,630,000,000,000","24,494,120,158.29",0.93%,"$1,735,684.65","$561,871,311.6707",6426091390690.33%
427,"827,800",$0.0073,"$19,258,775,752.34","2,630,000,000,000","24,249,178,956.70",0.92%,"$1,720,279.23","$560,079,718.8506",6405601041817.89%
428,"828,730",$0.0073,"$19,280,393,951.20","2,630,000,000,000","24,006,687,167.14",0.91%,"$1,686,916.44","$560,188,265.0815",6406842479111.13%
429,"828,736",$0.0074,"$19,475,302,667.68","2,630,000,000,000","23,766,620,295.46",0.90%,"$1,671,921.93","$561,861,608.1476",6425980412028.51%
430,"828,825",$0.0074,"$19,477,386,777.57","2,630,000,000,000","23,528,954,092.51",0.89%,"$1,671,935.43","$561,792,256.7651",6425187244068.10%
431,"828,830",$0.0074,"$19,477,502,970.51","2,630,000,000,000","23,293,664,551.59",0.89%,"$1,655,393.20","$561,706,159.9171",6424202559137.60%
432,"828,839",$0.0073,"$19,282,930,902.78","2,630,000,000,000","23,060,727,906.07",0.88%,"$1,638,849.05","$559,913,831.1254",6403703792999.01%
433,"828,841",$0.0074,"$19,477,770,439.49","2,630,000,000,000","22,830,120,627.01",0.87%,"$1,606,252.86","$561,520,626.1499",6422080619612.83%
434,"828,849",$0.0074,"$19,477,949,586.84","2,630,000,000,000","22,601,819,420.74",0.86%,"$1,606,258.01","$561,437,625.8198",6421131349387.03%
435,"828,850",$0.0074,"$19,477,976,378.55","2,630,000,000,000","22,375,801,226.53",0.85%,"$1,590,210.05","$561,354,158.4952",6420176738171.27%
436,"828,899",$0.0073,"$19,284,335,796.33","2,630,000,000,000","22,152,043,214.27",0.84%,"$1,574,310.12","$559,640,298.3396",6400575413522.41%
437,"828,905",$0.0073,"$19,284,472,912.56","2,630,000,000,000","21,930,522,782.12",0.83%,"$1,543,072.50","$559,560,227.3550",6399659646060.96%
438,"828,938",$0.0074,"$19,480,040,574.01","2,630,000,000,000","21,711,217,554.30",0.83%,"$1,527,652.64","$561,094,277.8334",6417204497288.02%
439,"828,994",$0.0074,"$19,481,367,881.36","2,630,000,000,000","21,494,105,378.76",0.82%,"$1,527,713.42","$561,024,719.5005",6416408962448.52%
440,"829,003",$0.0073,"$19,286,766,346.37","2,630,000,000,000","21,279,164,324.97",0.81%,"$1,512,539.34","$559,370,603.4063",6397490927354.08%
441,"829,066",$0.0073,"$19,288,229,570.28","2,630,000,000,000","21,066,372,681.72",0.80%,"$1,482,456.11","$559,304,299.8644",6396732617380.30%
442,"829,104",$0.0074,"$19,483,942,477.24","2,630,000,000,000","20,855,708,954.90",0.79%,"$1,467,742.89","$560,779,039.3739",6413599132308.14%
443,"829,107",$0.0073,"$19,289,167,535.92","2,630,000,000,000","20,647,151,865.36",0.79%,"$1,467,809.36","$559,172,680.6250",6395227295354.41%
444,"829,523",$0.0073,"$19,298,845,521.13","2,630,000,000,000","20,440,680,346.70",0.78%,"$1,438,604.76","$559,172,183.0646",6395221604784.01%
445,"831,959",$0.0074,"$19,355,534,783.92","2,630,000,000,000","20,236,273,543.23",0.77%,"$1,424,933.29","$559,533,376.4725",6399352553989.11%
446,"852,062",$0.0076,"$20,023,449,335.27","2,630,000,000,000","20,033,910,807.80",0.76%,"$1,414,827.76","$564,546,721.9480",6456689911370.55%
447,"852,064",$0.0076,"$20,023,501,532.09","2,630,000,000,000","19,833,571,699.72",0.75%,"$1,449,013.68","$564,470,851.7010",6455822187514.81%
448,"852,149",$0.0076,"$20,025,508,812.81","2,630,000,000,000","19,635,235,982.73",0.75%,"$1,434,527.28","$564,410,336.3603",6455130076880.50%
449,"852,239",$0.0075,"$19,827,333,618.31","2,630,000,000,000","19,438,883,622.90",0.74%,"$1,420,324.38","$562,870,827.8666",6437522802630.89%
450,"855,684",$0.0070,"$19,907,479,752.76","2,845,000,000,000","25,888,883,622.90",0.91%,$0.00,"$597,476,584.1201",6833306939876.45%
451,"855,905",$0.0071,"$20,113,769,875.17","2,845,000,000,000","25,629,994,786.67",0.90%,"$1,720,960.65","$599,244,430.7101",6853525704415.79%
452,"855,908",$0.0070,"$19,912,700,986.30","2,845,000,000,000","25,373,694,838.80",0.89%,"$1,721,406.07","$597,360,557.7624",6831979952783.43%
453,"855,914",$0.0071,"$20,113,974,534.45","2,845,000,000,000","25,119,957,890.42",0.88%,"$1,687,155.92","$599,048,907.0260",6851289510758.94%
454,"856,760",$0.0070,"$19,932,518,047.53","2,845,000,000,000","24,868,758,311.51",0.87%,"$1,687,167.25","$597,373,958.4798",6832133216053.26%
455,"856,790",$0.0071,"$20,134,565,371.00","2,845,000,000,000","24,620,070,728.40",0.87%,"$1,655,227.15","$599,035,319.0799",6851134106164.05%
456,"867,367",$0.0072,"$20,383,130,428.41","2,845,000,000,000","24,373,870,021.11",0.86%,"$1,655,285.42","$601,077,721.6070",6874492951905.09%
457,"869,459",$0.0071,"$20,227,965,730.18","2,845,000,000,000","24,130,131,320.90",0.85%,"$1,658,963.03","$599,674,363.9864",6858442827728.09%
458,"870,234",$0.0072,"$20,450,497,089.33","2,845,000,000,000","23,888,830,007.69",0.84%,"$1,629,870.99","$601,457,127.4575",6878832195819.35%
459,"891,839",$0.0073,"$20,748,632,080.96","2,845,000,000,000","23,649,941,707.62",0.83%,"$1,631,323.47","$603,849,607.5801",6906194859830.50%
460,"891,844",$0.0073,"$20,748,751,783.32","2,845,000,000,000","23,413,442,290.54",0.82%,"$1,638,554.45","$603,764,352.9842",6905219807690.15%
461,"891,937",$0.0073,"$20,750,909,015.13","2,845,000,000,000","23,179,307,867.63",0.81%,"$1,622,178.27","$603,696,550.9769",6904444359849.16%
462,"892,321",$0.0073,"$20,759,839,846.61","2,845,000,000,000","22,947,514,788.96",0.81%,"$1,606,123.46","$603,684,053.4490",6904301426307.95%
463,"892,441",$0.0074,"$20,972,369,625.35","2,845,000,000,000","22,718,039,641.07",0.80%,"$1,590,746.56","$605,297,433.6150",6922753566824.42%
464,"892,523",$0.0073,"$20,764,540,596.00","2,845,000,000,000","22,490,859,244.66",0.79%,"$1,590,961.58","$603,570,727.4609",6903005323194.55%
465,"892,536",$0.0074,"$20,974,598,731.03","2,845,000,000,000","22,265,950,652.21",0.78%,"$1,559,443.73","$605,132,638.8453",6920868818077.27%
466,"892,554",$0.0074,"$20,975,015,213.02","2,845,000,000,000","22,043,291,145.69",0.77%,"$1,559,467.17","$605,053,788.5620",6919967011708.67%
467,"892,776",$0.0073,"$20,770,442,790.49","2,845,000,000,000","21,822,858,234.23",0.77%,"$1,543,903.16","$603,403,337.1879",6901090889818.50%
468,"892,797",$0.0074,"$20,980,729,672.01","2,845,000,000,000","21,604,629,651.89",0.76%,"$1,513,556.79","$604,920,572.6824",6918443428996.18%
469,"892,815",$0.0074,"$20,981,152,463.81","2,845,000,000,000","21,388,583,355.37",0.75%,"$1,513,591.74","$604,844,088.4892",6917568683472.15%
470,"892,820",$0.0073,"$20,771,464,130.88","2,845,000,000,000","21,174,697,521.82",0.74%,"$1,498,486.02","$603,204,557.5269",6898817457732.16%
471,"897,813",$0.0073,"$20,887,612,337.34","2,845,000,000,000","20,962,950,546.60",0.74%,"$1,468,674.86","$603,983,079.2749",6907721368286.44%
472,"915,347",$0.0075,"$21,295,555,824.30","2,845,000,000,000","20,753,321,041.13",0.73%,"$1,462,118.40","$606,881,936.6244",6940875440882.79%
473,"915,666",$0.0076,"$21,518,154,467.00","2,845,000,000,000","20,545,787,830.72",0.72%,"$1,475,767.42","$608,411,809.2890",6958372510683.40%
474,"915,666",$0.0076,"$21,518,154,467.02","2,845,000,000,000","20,340,329,952.41",0.71%,"$1,476,281.42","$608,334,110.2670",6957483871227.72%
475,"917,606",$0.0076,"$21,563,745,951.99","2,845,000,000,000","20,136,926,652.89",0.71%,"$1,461,518.61","$608,579,885.0325",6960294783747.88%
476,"917,606",$0.0075,"$21,348,108,587.43","2,845,000,000,000","19,935,557,386.36",0.70%,"$1,449,969.04","$606,992,551.1692",6942140533368.11%
477,"917,623",$0.0076,"$21,564,133,855.09","2,845,000,000,000","19,736,201,812.50",0.69%,"$1,421,114.66","$608,416,356.1102",6958424512427.84%
478,"917,696",$0.0075,"$21,350,187,117.36","2,845,000,000,000","19,538,839,794.37",0.69%,"$1,421,140.22","$606,872,219.7018",6940764308972.31%
479,"917,730",$0.0076,"$21,566,665,922.71","2,845,000,000,000","19,343,451,396.43",0.68%,"$1,392,970.09","$608,270,767.4371",6956759422754.63%
480,"917,730",$0.0070,"$21,566,666,547.10","3,080,000,000,000","26,393,451,396.43",0.86%,$0.00,"$646,448,046.4136",7393390869597.75%
481,"917,819",$0.0070,"$21,568,739,612.63","3,080,000,000,000","26,129,516,882.46",0.85%,"$1,755,707.23","$646,373,227.8480",7392535173764.67%
482,"917,850",$0.0069,"$21,353,773,249.24","3,080,000,000,000","25,868,221,713.64",0.84%,"$1,738,317.24","$644,476,283.7175",7370839927731.48%
483,"919,871",$0.0070,"$21,616,979,150.84","3,080,000,000,000","25,609,539,496.50",0.83%,"$1,703,782.25","$646,575,111.5949",7394844107110.92%
484,"920,298",$0.0070,"$21,410,741,534.38","3,080,000,000,000","25,353,444,101.54",0.82%,"$1,707,535.19","$644,787,567.9841",7374400068824.16%
485,"920,306",$0.0070,"$21,410,929,961.07","3,080,000,000,000","25,099,909,660.52",0.81%,"$1,674,331.94","$644,700,980.8002",7373409775948.12%
486,"920,312",$0.0070,"$21,411,070,250.05","3,080,000,000,000","24,848,910,563.92",0.81%,"$1,657,603.21","$644,614,870.3535",7372424935490.68%
487,"950,185",$0.0072,"$22,106,043,606.66","3,080,000,000,000","24,600,421,458.28",0.80%,"$1,641,037.93","$650,079,356.2594",7434921961242.77%
488,"954,168",$0.0073,"$22,422,947,513.29","3,080,000,000,000","24,354,417,243.70",0.79%,"$1,677,360.68","$652,496,921.5105",7462571522493.27%
489,"955,194",$0.0073,"$22,447,065,438.09","3,080,000,000,000","24,110,873,071.26",0.78%,"$1,684,392.63","$652,597,069.3397",7463716907725.34%
490,"955,438",$0.0073,"$22,452,787,564.59","3,080,000,000,000","23,869,764,340.55",0.77%,"$1,669,342.30","$652,553,555.2612",7463219239594.81%
491,"964,695",$0.0074,"$22,670,339,331.91","3,080,000,000,000","23,631,066,697.14",0.77%,"$1,653,070.16","$654,135,701.0241",7481314153954.27%
492,"964,701",$0.0074,"$22,670,481,582.81","3,080,000,000,000","23,394,756,030.17",0.76%,"$1,652,396.38","$654,049,813.2886",7480331860632.28%
493,"964,852",$0.0074,"$22,674,032,326.38","3,080,000,000,000","23,160,808,469.87",0.75%,"$1,635,882.68","$653,990,414.8792",7479652524279.58%
494,"965,497",$0.0074,"$22,689,180,335.01","3,080,000,000,000","22,929,200,385.17",0.74%,"$1,619,777.51","$654,017,933.4718",7479967252915.18%
495,"965,498",$0.0074,"$22,689,192,243.10","3,080,000,000,000","22,699,908,381.32",0.74%,"$1,604,651.05","$653,933,565.9170",7479002345815.83%
496,"965,540",$0.0073,"$22,463,284,895.94","3,080,000,000,000","22,472,909,297.50",0.73%,"$1,588,605.38","$652,201,644.9382",7459194460521.33%
497,"965,541",$0.0073,"$22,463,312,386.85","3,080,000,000,000","22,248,180,204.53",0.72%,"$1,557,060.38","$652,119,892.9709",7458259467753.00%
498,"1,024,996",$0.0078,"$24,087,398,147.36","3,080,000,000,000","22,025,698,402.48",0.72%,"$1,541,491.66","$663,652,925.1883",7590162125003.58%
499,"1,024,999",$0.0077,"$23,846,605,659.13","3,080,000,000,000","21,805,441,418.46",0.71%,"$1,636,411.29","$661,862,062.4027",7569680125496.75%
500,"1,025,036",$0.0077,"$23,847,457,147.29","3,080,000,000,000","21,587,387,004.27",0.70%,"$1,603,852.19","$661,783,617.1180",7568782951075.72%
501,"1,025,041",$0.0078,"$24,088,469,209.08","3,080,000,000,000","21,371,513,134.23",0.69%,"$1,587,870.36","$663,372,380.2027",7586953547382.43%
502,"1,035,039",$0.0079,"$24,323,414,616.65","3,080,000,000,000","21,157,798,002.89",0.69%,"$1,587,878.85","$664,902,745.1238",7604456247092.78%
503,"1,035,077",$0.0079,"$24,324,299,693.48","3,080,000,000,000","20,946,220,022.86",0.68%,"$1,587,332.46","$664,825,220.4704",7603569601881.28%
504,"1,035,873",$0.0079,"$24,343,012,422.57","3,080,000,000,000","20,736,757,822.63",0.67%,"$1,571,516.32","$664,868,496.5303",7604064547806.84%
505,"1,035,881",$0.0079,"$24,343,198,186.84","3,080,000,000,000","20,529,390,244.41",0.67%,"$1,556,998.04","$664,787,787.4558",7603141482546.19%
506,"1,035,949",$0.0078,"$24,101,351,581.68","3,080,000,000,000","20,324,096,341.96",0.66%,"$1,541,439.82","$663,110,777.9718",7583961617007.37%
507,"1,035,957",$0.0078,"$24,101,544,675.54","3,080,000,000,000","20,120,855,378.54",0.65%,"$1,510,864.55","$663,032,520.2179",7583066587366.01%
508,"1,035,964",$0.0079,"$24,345,151,616.24","3,080,000,000,000","19,919,646,824.76",0.65%,"$1,495,767.89","$664,529,303.4566",7600185215216.58%
509,"1,037,179",$0.0079,"$24,373,697,417.39","3,080,000,000,000","19,720,450,356.51",0.64%,"$1,495,777.54","$664,633,349.7694",7601375187192.31%
510,"1,037,188",$0.0070,"$24,130,178,438.21","3,450,000,000,000","30,820,450,356.51",0.89%,$0.00,"$724,140,891.3691",8281959678370.86%
511,"1,037,477",$0.0070,"$24,136,901,827.78","3,450,000,000,000","30,512,245,852.94",0.88%,"$2,047,877.73","$724,092,570.8568",8281407039319.74%
512,"1,045,626",$0.0071,"$24,326,486,172.90","3,450,000,000,000","30,207,123,394.41",0.88%,"$2,027,963.85","$725,645,777.2815",8299170976054.89%
513,"1,047,354",$0.0071,"$24,612,825,785.52","3,450,000,000,000","29,905,052,160.47",0.87%,"$2,023,453.66","$728,021,309.0109",8326339802221.54%
514,"1,047,399",$0.0071,"$24,613,876,788.68","3,450,000,000,000","29,606,001,638.87",0.86%,"$2,026,798.40","$727,923,654.5418",8325222933412.22%
515,"1,047,405",$0.0071,"$24,614,022,857.84","3,450,000,000,000","29,309,941,622.48",0.85%,"$2,006,616.09","$727,819,284.1187",8324029254604.60%
516,"1,047,414",$0.0071,"$24,368,093,754.98","3,450,000,000,000","29,016,842,206.25",0.84%,"$1,986,561.72","$725,646,297.5221",8299176926018.96%
517,"1,047,502",$0.0071,"$24,370,138,766.13","3,450,000,000,000","28,726,673,784.19",0.83%,"$1,947,046.01","$725,560,849.3489",8298199659946.16%
518,"1,047,506",$0.0071,"$24,616,401,087.71","3,450,000,000,000","28,439,407,046.35",0.82%,"$1,927,737.32","$727,489,405.2592",8320256448171.66%
519,"1,048,095",$0.0071,"$24,383,919,979.33","3,450,000,000,000","28,155,012,975.88",0.82%,"$1,927,745.10","$725,490,696.1147",8297397321251.83%
520,"1,048,095",$0.0071,"$24,630,222,772.49","3,450,000,000,000","27,873,462,846.13",0.81%,"$1,890,443.78","$727,381,144.5096",8319018275913.63%
521,"1,048,248",$0.0071,"$24,633,831,891.96","3,450,000,000,000","27,594,728,217.66",0.80%,"$1,890,443.82","$727,310,514.9071",8318210489021.11%
522,"1,048,255",$0.0071,"$24,387,644,674.52","3,450,000,000,000","27,318,780,935.49",0.79%,"$1,871,813.63","$725,262,568.0635",8294788233235.92%
523,"1,048,262",$0.0071,"$24,634,154,481.59","3,450,000,000,000","27,045,593,126.13",0.78%,"$1,834,575.90","$727,098,476.3482",8315785415646.92%
524,"1,048,268",$0.0071,"$24,634,303,504.64","3,450,000,000,000","26,775,137,194.87",0.78%,"$1,834,588.56","$727,003,075.6100",8314694322633.91%
525,"1,048,279",$0.0071,"$24,388,203,833.81","3,450,000,000,000","26,507,385,822.92",0.77%,"$1,816,253.66","$725,016,625.6524",8291975403362.42%
526,"1,048,314",$0.0071,"$24,635,373,326.67","3,450,000,000,000","26,242,311,964.69",0.76%,"$1,780,127.98","$726,803,021.3555",8312406313091.69%
527,"1,048,316",$0.0071,"$24,635,427,756.64","3,450,000,000,000","25,979,888,845.05",0.75%,"$1,780,187.52","$726,709,737.1551",8311339426804.86%
528,"1,048,337",$0.0071,"$24,635,917,722.08","3,450,000,000,000","25,720,089,956.60",0.75%,"$1,762,389.54","$726,620,632.5515",8310320342338.48%
529,"1,048,337",$0.0071,"$24,389,564,741.36","3,450,000,000,000","25,462,889,057.03",0.74%,"$1,744,800.34","$724,710,581.0654",8288475188197.97%
530,"1,048,699",$0.0071,"$24,397,976,213.40","3,450,000,000,000","25,208,260,166.46",0.73%,"$1,710,079.25","$724,682,037.3509",8288148735299.91%
531,"1,048,708",$0.0071,"$24,398,185,503.17","3,450,000,000,000","24,956,177,564.80",0.72%,"$1,693,562.33","$724,594,416.4254",8287146619577.31%
532,"1,048,741",$0.0071,"$24,398,957,868.56","3,450,000,000,000","24,706,615,789.15",0.72%,"$1,676,641.09","$724,511,703.3268",8286200634403.67%
533,"1,053,955",$0.0071,"$24,520,251,506.27","3,450,000,000,000","24,459,549,631.26",0.71%,"$1,659,927.23","$725,284,277.2146",8295036519606.76%
534,"1,053,960",$0.0071,"$24,520,390,552.38","3,450,000,000,000","24,214,954,134.94",0.70%,"$1,651,497.37","$725,198,332.2409",8294053571653.77%
535,"1,053,961",$0.0072,"$24,768,090,272.09","3,450,000,000,000","23,972,804,593.59",0.69%,"$1,634,991.67","$726,833,455.9836",8312754392264.51%
536,"1,058,672",$0.0072,"$24,878,792,310.01","3,450,000,000,000","23,733,076,547.66",0.69%,"$1,634,992.92","$727,508,939.9389",8320479865232.14%
537,"1,058,976",$0.0071,"$24,637,079,545.35","3,450,000,000,000","23,495,745,782.18",0.68%,"$1,625,877.59","$725,777,216.2253",8300674236049.68%
538,"1,058,980",$0.0071,"$24,637,175,137.51","3,450,000,000,000","23,260,788,324.36",0.67%,"$1,593,980.38","$725,693,967.0282",8299722119546.08%
539,"1,059,140",$0.0071,"$24,640,888,797.16","3,450,000,000,000","23,028,180,441.12",0.67%,"$1,578,046.70","$725,635,700.0040",8299055722784.74%
540,"1,059,145",$0.0070,"$24,641,011,879.22","3,520,000,000,000","25,128,180,441.12",0.71%,$0.00,"$737,066,321.8132",8429787117810.63%
541,"1,059,148",$0.0070,"$24,641,086,934.62","3,520,000,000,000","24,876,898,636.70",0.71%,"$1,671,092.62","$736,978,900.0090",8428787279428.12%
542,"1,066,128",$0.0070,"$24,803,458,355.84","3,520,000,000,000","24,628,129,650.34",0.70%,"$1,654,386.74","$738,027,879.4131",8440784399369.90%
543,"1,068,595",$0.0071,"$25,111,978,582.89","3,520,000,000,000","24,381,848,353.83",0.69%,"$1,648,635.37","$740,078,124.2983",8464232937730.85%
544,"1,068,889",$0.0071,"$25,118,894,487.94","3,520,000,000,000","24,138,029,870.30",0.69%,"$1,652,450.66","$740,038,578.3028",8463780652348.37%
545,"1,068,922",$0.0071,"$24,868,472,863.68","3,520,000,000,000","23,896,649,571.59",0.68%,"$1,636,376.69","$738,252,385.6571",8443352064975.48%
546,"1,076,937",$0.0072,"$25,308,021,910.44","3,520,000,000,000","23,657,683,075.88",0.67%,"$1,603,862.28","$741,122,151.4111",8476173418588.11%
547,"1,076,941",$0.0071,"$25,055,029,931.31","3,520,000,000,000","23,421,106,245.12",0.67%,"$1,615,888.36","$739,353,766.0125",8455948491723.63%
548,"1,076,943",$0.0071,"$25,055,077,320.73","3,520,000,000,000","23,186,895,182.67",0.66%,"$1,583,737.76","$739,270,723.5563",8454998739705.09%
549,"1,076,963",$0.0071,"$25,055,547,519.69","3,520,000,000,000","22,955,026,230.84",0.65%,"$1,567,903.35","$739,191,268.6426",8454090018212.59%
550,"1,076,965",$0.0072,"$25,308,680,550.96","3,520,000,000,000","22,725,475,968.53",0.65%,"$1,552,253.45","$740,743,823.5414",8471846503481.17%
551,"1,076,974",$0.0072,"$25,308,898,254.38","3,520,000,000,000","22,498,221,208.85",0.64%,"$1,552,256.31","$740,663,517.3010",8470928045412.05%
552,"1,076,978",$0.0071,"$25,055,903,332.42","3,520,000,000,000","22,273,238,996.76",0.63%,"$1,536,746.97","$738,981,778.9608",8451694096205.18%
553,"1,076,991",$0.0071,"$25,056,189,983.31","3,520,000,000,000","22,050,506,606.79",0.63%,"$1,506,171.36","$738,904,302.4653",8450808001773.31%
554,"1,110,066",$0.0073,"$25,825,675,536.91","3,520,000,000,000","21,830,001,540.72",0.62%,"$1,491,126.70","$743,597,944.5048",8504488928482.64%
555,"1,110,098",$0.0073,"$25,826,433,878.49","3,520,000,000,000","21,611,701,525.32",0.61%,"$1,521,550.60","$743,522,518.8752",8503626289690.80%
556,"1,110,126",$0.0074,"$26,087,955,905.76","3,520,000,000,000","21,395,584,510.06",0.61%,"$1,506,379.32","$745,032,842.7517",8520899781073.60%
557,"1,110,126",$0.0074,"$26,087,955,905.97","3,520,000,000,000","21,181,628,664.96",0.60%,"$1,506,416.80","$744,953,557.6585",8519993001808.18%
558,"1,110,126",$0.0073,"$25,827,076,716.72","3,520,000,000,000","20,969,812,378.31",0.60%,"$1,491,352.63","$743,320,921.1956",8501320628080.56%
559,"1,110,127",$0.0074,"$26,087,978,259.13","3,520,000,000,000","20,760,114,254.53",0.59%,"$1,461,674.73","$744,782,725.5573",8518039204431.56%
560,"1,110,241",$0.0073,"$25,829,767,425.81","3,520,000,000,000","20,552,513,111.98",0.58%,"$1,461,675.96","$743,198,158.4430",8499916597209.28%
561,"1,110,250",$0.0074,"$26,090,882,542.61","3,520,000,000,000","20,346,987,980.86",0.58%,"$1,432,736.65","$744,632,099.5868",8516316503464.98%
562,"1,115,897",$0.0074,"$26,223,574,910.91","3,520,000,000,000","20,143,518,101.06",0.57%,"$1,432,748.10","$745,316,035.8613",8524138645143.69%
563,"1,115,902",$0.0074,"$26,223,694,674.02","3,520,000,000,000","19,942,082,920.04",0.57%,"$1,425,634.38","$745,241,680.9743",8523288252377.61%
564,"1,117,104",$0.0075,"$26,251,949,594.99","3,520,000,000,000","19,742,662,090.84",0.56%,"$1,411,384.49","$745,325,871.2614",8524251132075.02%
565,"1,117,425",$0.0074,"$25,996,893,909.15","3,520,000,000,000","19,545,235,469.94",0.56%,"$1,398,776.14","$743,836,023.2151",8507211821640.93%
566,"1,121,412",$0.0074,"$26,089,643,581.49","3,520,000,000,000","19,349,783,115.24",0.55%,"$1,371,334.21","$744,273,701.7200",8512217526709.05%
567,"1,121,474",$0.0074,"$26,091,087,101.67","3,520,000,000,000","19,156,285,284.08",0.54%,"$1,362,464.48","$744,209,848.8825",8511487245306.69%
568,"1,122,090",$0.0074,"$26,105,433,279.45","3,520,000,000,000","18,964,722,431.24",0.54%,"$1,348,914.47","$744,216,146.3614",8511559269227.38%
569,"1,122,103",$0.0075,"$26,369,415,310.85","3,520,000,000,000","18,775,075,206.93",0.53%,"$1,336,159.61","$745,553,856.9707",8526858592135.09%
570,"1,124,913",$0.0070,"$26,435,460,473.54","3,780,000,000,000","26,575,075,206.93",0.70%,$0.00,"$790,756,929.0979",9043843650101.24%
571,"1,126,435",$0.0070,"$26,471,224,067.74","3,780,000,000,000","26,309,324,454.86",0.70%,"$1,765,603.53","$790,912,922.1742",9045627734363.56%
572,"1,132,958",$0.0070,"$26,358,261,565.26","3,780,000,000,000","26,046,231,210.31",0.69%,"$1,750,312.23","$790,042,428.1347",9035671941753.03%
573,"1,135,032",$0.0070,"$26,406,531,001.25","3,780,000,000,000","25,785,768,898.21",0.68%,"$1,725,414.57","$790,280,893.1701",9038399253290.94%
574,"1,135,047",$0.0070,"$26,406,865,086.09","3,780,000,000,000","25,527,911,209.23",0.68%,"$1,711,288.55","$790,193,081.5656",9037394956784.28%
575,"1,135,137",$0.0071,"$26,675,726,415.22","3,780,000,000,000","25,272,632,097.14",0.67%,"$1,694,197.09","$791,901,488.2860",9056933910792.89%
576,"1,135,236",$0.0070,"$26,411,274,024.94","3,780,000,000,000","25,019,905,776.16",0.66%,"$1,694,332.09","$790,061,896.5407",9035894600845.80%
577,"1,136,420",$0.0070,"$26,438,801,981.61","3,780,000,000,000","24,769,706,718.40",0.66%,"$1,660,759.81","$790,154,874.2178",9036957981441.88%
578,"1,136,420",$0.0071,"$26,705,870,315.92","3,780,000,000,000","24,522,009,651.22",0.65%,"$1,645,865.88","$791,800,803.2089",9055782381085.51%
579,"1,136,423",$0.0070,"$26,438,891,105.39","3,780,000,000,000","24,276,789,554.71",0.64%,"$1,645,866.48","$789,999,523.0728",9035181238912.31%
580,"1,136,423",$0.0070,"$26,438,892,218.84","3,780,000,000,000","24,034,021,659.16",0.64%,"$1,613,118.59","$789,914,629.1741",9034210312046.41%
581,"1,136,428",$0.0071,"$26,706,054,997.08","3,780,000,000,000","23,793,681,442.57",0.63%,"$1,596,987.47","$791,512,266.6304",9052482404054.25%
582,"1,136,649",$0.0070,"$26,444,130,167.82","3,780,000,000,000","23,555,744,628.14",0.62%,"$1,596,993.64","$789,795,983.0133",9032853362409.21%
583,"1,136,714",$0.0071,"$26,712,789,627.74","3,780,000,000,000","23,320,187,181.86",0.62%,"$1,565,517.51","$791,371,044.7342",9050867256969.35%
584,"1,139,027",$0.0071,"$26,767,136,064.89","3,780,000,000,000","23,086,985,310.04",0.61%,"$1,565,608.18","$791,620,574.3027",9053721112965.62%
585,"1,139,090",$0.0071,"$26,768,623,137.93","3,780,000,000,000","22,856,115,456.94",0.60%,"$1,553,105.43","$791,547,823.6346",9052889067562.22%
586,"1,139,107",$0.0071,"$26,769,009,829.38","3,780,000,000,000","22,627,554,302.37",0.60%,"$1,537,659.80","$791,469,208.9550",9051989955781.45%
587,"1,139,107",$0.0070,"$26,501,322,093.10","3,780,000,000,000","22,401,278,759.35",0.59%,"$1,522,305.19","$789,802,699.3750",9032930177069.91%
588,"1,166,854",$0.0073,"$27,421,059,189.51","3,780,000,000,000","22,177,265,971.75",0.59%,"$1,492,011.45","$795,120,271.4542",9093746957439.76%
589,"1,166,854",$0.0073,"$27,421,060,537.48","3,780,000,000,000","21,955,493,312.04",0.58%,"$1,528,354.28","$795,039,839.5848",9092827062559.00%
590,"1,166,897",$0.0072,"$27,147,862,517.88","3,780,000,000,000","21,735,938,378.92",0.58%,"$1,513,070.81","$793,389,247.8454",9073949335318.29%
591,"1,166,897",$0.0072,"$27,147,866,782.34","3,780,000,000,000","21,518,578,995.13",0.57%,"$1,483,016.01","$793,311,218.6475",9073056919658.70%
592,"1,166,903",$0.0072,"$27,147,989,746.43","3,780,000,000,000","21,303,393,205.18",0.56%,"$1,468,186.08","$793,234,638.6989",9072181078984.84%
593,"1,166,912",$0.0073,"$27,422,431,055.66","3,780,000,000,000","21,090,359,273.12",0.56%,"$1,453,510.81","$794,689,372.4716",9088818789397.50%
594,"1,176,509",$0.0073,"$27,647,965,602.02","3,780,000,000,000","20,879,455,680.39",0.55%,"$1,453,522.43","$795,858,648.6895",9102191737403.85%
595,"1,220,311",$0.0076,"$28,677,298,492.16","3,780,000,000,000","20,670,661,123.59",0.55%,"$1,450,822.09","$801,411,123.3242",9165695085424.21%
596,"1,220,315",$0.0075,"$28,390,627,902.49","3,780,000,000,000","20,463,954,512.35",0.54%,"$1,489,787.79","$799,780,752.0897",9147048618988.47%
597,"1,220,316",$0.0075,"$28,390,654,917.73","3,780,000,000,000","20,259,314,967.23",0.54%,"$1,460,146.28","$799,704,047.0768",9146171347960.74%
598,"1,220,316",$0.0076,"$28,677,431,572.13","3,780,000,000,000","20,056,721,817.56",0.53%,"$1,445,546.19","$801,149,605.7993",9162704123826.93%
599,"1,220,316",$0.0076,"$28,677,431,579.07","3,780,000,000,000","19,856,154,599.38",0.53%,"$1,445,546.31","$801,073,524.4511",9161833985619.28%
600,"1,220,316",$0.0070,"$28,390,658,230.74","4,055,000,000,000","28,106,154,599.38",0.69%,$0.00,"$847,214,683.6487",9689547893985.07%